folder,word,prompt
BL:B Minimal Pairs - Initial,blow,"clean vector clipart of blow, centered, isolated, plain white background, minimal style, bold outline, no text, square composition"
BL:B Minimal Pairs - Initial,blown,"clean vector clipart of blown, centered, isolated, plain white background, minimal style, bold outline, no text, square composition"
BL:B Minimal Pairs - Initial,bone,"clean vector clipart of bone, centered, isolated, plain white background, minimal style, bold outline, no text, square composition"
BL:B Minimal Pairs - Initial,blake,"clean vector clipart of blake, centered, isolated, plain white background, minimal style, bold outline, no text, square composition"
BL:B Minimal Pairs - Initial,bake,"clean vector clipart of bake, centered, isolated, plain white background, minimal style, bold outline, no text, square composition"
BL:B Minimal Pairs - Initial,blood,"clean vector clipart of blood, centered, isolated, plain white background, minimal style, bold outline, no text, square composition"
BL:B Minimal Pairs - Initial,bloom,"clean vector clipart of bloom, centered, isolated, plain white background, minimal style, bold outline, no text, square composition"
BL:B Minimal Pairs - Initial,boom,"clean vector clipart of boom, centered, isolated, plain white background, minimal style, bold outline, no text, square composition"
BL:B Minimal Pairs - Initial,blue,"clean vector clipart of blue, centered, isolated, plain white background, minimal style, bold outline, no text, square composition"
BL:B Minimal Pairs - Initial,black,"clean vector clipart of black, centered, isolated, plain white background, minimal style, bold outline, no text, square composition"
BL:B Minimal Pairs - Initial,block,"clean vector clipart of block, centered, isolated, plain white background, minimal style, bold outline, no text, square composition"
BL:B Minimal Pairs - Initial,blend,"clean vector clipart of blend, centered, isolated, plain white background, minimal style, bold outline, no text, square composition"
BL:B Minimal Pairs - Initial,bend,"clean vector clipart of bend, centered, isolated, plain white background, minimal style, bold outline, no text, square composition"
BL:B Minimal Pairs - Initial,bleach,"clean vector clipart of bleach, centered, isolated, plain white background, minimal style, bold outline, no text, square composition"
BL:B Minimal Pairs - Initial,blob,"clean vector clipart of blob, centered, isolated, plain white background, minimal style, bold outline, no text, square composition"
BL:B Minimal Pairs - Initial,bleed,"clean vector clipart of bleed, centered, isolated, plain white background, minimal style, bold outline, no text, square composition"
BL:B Minimal Pairs - Initial,bead,"clean vector clipart of bead, centered, isolated, plain white background, minimal style, bold outline, no text, square composition"
BR:B Minimal Pairs - Initial,brew,"clean vector clipart of brew, centered, isolated, plain white background, minimal style, bold outline, no text, square composition"
BR:B Minimal Pairs - Initial,brow,"clean vector clipart of brow, centered, isolated, plain white background, minimal style, bold outline, no text, square composition"
BR:B Minimal Pairs - Initial,bro,"clean vector clipart of bro, centered, isolated, plain white background, minimal style, bold outline, no text, square composition"
BR:B Minimal Pairs - Initial,brag,"clean vector clipart of brag, centered, isolated, plain white background, minimal style, bold outline, no text, square composition"
BR:B Minimal Pairs - Initial,brie,"clean vector clipart of brie, centered, isolated, plain white background, minimal style, bold outline, no text, square composition"
BR:B Minimal Pairs - Initial,break,"clean vector clipart of break, centered, isolated, plain white background, minimal style, bold outline, no text, square composition"
BR:B Minimal Pairs - Initial,bray,"clean vector clipart of bray, centered, isolated, plain white background, minimal style, bold outline, no text, square composition"
BR:B Minimal Pairs - Initial,bay,"clean vector clipart of bay, centered, isolated, plain white background, minimal style, bold outline, no text, square composition"
BR:B Minimal Pairs - Initial,bright,"clean vector clipart of bright, centered, isolated, plain white background, minimal style, bold outline, no text, square composition"
BR:B Minimal Pairs - Initial,bread,"clean vector clipart of bread, centered, isolated, plain white background, minimal style, bold outline, no text, square composition"
BR:B Minimal Pairs - Initial,brain,"clean vector clipart of brain, centered, isolated, plain white background, minimal style, bold outline, no text, square composition"
DR:D Minimal Pairs - Initial,drip,"clean vector clipart of drip, centered, isolated, plain white background, minimal style, bold outline, no text, square composition"
DR:D Minimal Pairs - Initial,drill,"clean vector clipart of drill, centered, isolated, plain white background, minimal style, bold outline, no text, square composition"
DR:D Minimal Pairs - Initial,dill,"clean vector clipart of dill, centered, isolated, plain white background, minimal style, bold outline, no text, square composition"
DR:D Minimal Pairs - Initial,drug,"clean vector clipart of drug, centered, isolated, plain white background, minimal style, bold outline, no text, square composition"
DR:D Minimal Pairs - Initial,drum,"clean vector clipart of drum, centered, isolated, plain white background, minimal style, bold outline, no text, square composition"
DR:D Minimal Pairs - Initial,dumb,"clean vector clipart of dumb, centered, isolated, plain white background, minimal style, bold outline, no text, square composition"
DR:D Minimal Pairs - Initial,dress,"clean vector clipart of dress, centered, isolated, plain white background, minimal style, bold outline, no text, square composition"
DR:D Minimal Pairs - Initial,desk,"clean vector clipart of desk, centered, isolated, plain white background, minimal style, bold outline, no text, square composition"
DR:D Minimal Pairs - Initial,drove,"clean vector clipart of drove, centered, isolated, plain white background, minimal style, bold outline, no text, square composition"
DR:D Minimal Pairs - Initial,dread,"clean vector clipart of dread, centered, isolated, plain white background, minimal style, bold outline, no text, square composition"
DR:D Minimal Pairs - Initial,dead,"clean vector clipart of dead, centered, isolated, plain white background, minimal style, bold outline, no text, square composition"
DR:D Minimal Pairs - Initial,drab,"clean vector clipart of drab, centered, isolated, plain white background, minimal style, bold outline, no text, square composition"
DR:D Minimal Pairs - Initial,dab,"clean vector clipart of dab, centered, isolated, plain white background, minimal style, bold outline, no text, square composition"
DR:D Minimal Pairs - Initial,drop,"clean vector clipart of drop, centered, isolated, plain white background, minimal style, bold outline, no text, square composition"
DR:D Minimal Pairs - Initial,dream,"clean vector clipart of dream, centered, isolated, plain white background, minimal style, bold outline, no text, square composition"
DR:D Minimal Pairs - Initial,dean,"clean vector clipart of dean, centered, isolated, plain white background, minimal style, bold outline, no text, square composition"
DR:D Minimal Pairs - Initial,drag,"clean vector clipart of drag, centered, isolated, plain white background, minimal style, bold outline, no text, square composition"
DR:D Minimal Pairs - Initial,dad,"clean vector clipart of dad, centered, isolated, plain white background, minimal style, bold outline, no text, square composition"
FL:F Minimal Pairs - Initial,flow,"clean vector clipart of flow, centered, isolated, plain white background, minimal style, bold outline, no text, square composition"
FL:F Minimal Pairs - Initial,fly,"clean vector clipart of fly, centered, isolated, plain white background, minimal style, bold outline, no text, square composition"
FL:F Minimal Pairs - Initial,flame,"clean vector clipart of flame, centered, isolated, plain white background, minimal style, bold outline, no text, square composition"
FL:F Minimal Pairs - Initial,lame,"clean vector clipart of lame, centered, isolated, plain white background, minimal style, bold outline, no text, square composition"
FL:F Minimal Pairs - Initial,flies,"clean vector clipart of flies, centered, isolated, plain white background, minimal style, bold outline, no text, square composition"
FL:F Minimal Pairs - Initial,lies,"clean vector clipart of lies, centered, isolated, plain white background, minimal style, bold outline, no text, square composition"
FL:F Minimal Pairs - Initial,flake,"clean vector clipart of flake, centered, isolated, plain white background, minimal style, bold outline, no text, square composition"
FL:F Minimal Pairs - Initial,lake,"clean vector clipart of lake, centered, isolated, plain white background, minimal style, bold outline, no text, square composition"
FL:F Minimal Pairs - Initial,flick,"clean vector clipart of flick, centered, isolated, plain white background, minimal style, bold outline, no text, square composition"
FL:F Minimal Pairs - Initial,flight,"clean vector clipart of flight, centered, isolated, plain white background, minimal style, bold outline, no text, square composition"
FL:F Minimal Pairs - Initial,flute,"clean vector clipart of flute, centered, isolated, plain white background, minimal style, bold outline, no text, square composition"
FL:F Minimal Pairs - Initial,lute,"clean vector clipart of lute, centered, isolated, plain white background, minimal style, bold outline, no text, square composition"
FL:F Minimal Pairs - Initial,flan,"clean vector clipart of flan, centered, isolated, plain white background, minimal style, bold outline, no text, square composition"
FL:F Minimal Pairs - Initial,flare,"clean vector clipart of flare, centered, isolated, plain white background, minimal style, bold outline, no text, square composition"
FL:F Minimal Pairs - Initial,flash,"clean vector clipart of flash, centered, isolated, plain white background, minimal style, bold outline, no text, square composition"
FL:F Minimal Pairs - Initial,flea,"clean vector clipart of flea, centered, isolated, plain white background, minimal style, bold outline, no text, square composition"
FL:F Minimal Pairs - Initial,lee,"clean vector clipart of lee, centered, isolated, plain white background, minimal style, bold outline, no text, square composition"
FL:F Minimal Pairs - Initial,flat,"clean vector clipart of flat, centered, isolated, plain white background, minimal style, bold outline, no text, square composition"
FL:F Minimal Pairs - Initial,floor,"clean vector clipart of floor, centered, isolated, plain white background, minimal style, bold outline, no text, square composition"
FL:F Minimal Pairs - Initial,fake,"clean vector clipart of fake, centered, isolated, plain white background, minimal style, bold outline, no text, square composition"
FL:F Minimal Pairs - Initial,fawn,"clean vector clipart of fawn, centered, isolated, plain white background, minimal style, bold outline, no text, square composition"
FL:F Minimal Pairs - Initial,fleet,"clean vector clipart of fleet, centered, isolated, plain white background, minimal style, bold outline, no text, square composition"
FL:F Minimal Pairs - Initial,fame,"clean vector clipart of fame, centered, isolated, plain white background, minimal style, bold outline, no text, square composition"
FL:F Minimal Pairs - Initial,flew,"clean vector clipart of flew, centered, isolated, plain white background, minimal style, bold outline, no text, square composition"
FL:F Minimal Pairs - Initial,flood,"clean vector clipart of flood, centered, isolated, plain white background, minimal style, bold outline, no text, square composition"
FL:F Minimal Pairs - Initial,feast,"clean vector clipart of feast, centered, isolated, plain white background, minimal style, bold outline, no text, square composition"
FR:F Minimal Pairs - Initial,fran,"clean vector clipart of fran, centered, isolated, plain white background, minimal style, bold outline, no text, square composition"
FR:F Minimal Pairs - Initial,frail,"clean vector clipart of frail, centered, isolated, plain white background, minimal style, bold outline, no text, square composition"
FR:F Minimal Pairs - Initial,frame,"clean vector clipart of frame, centered, isolated, plain white background, minimal style, bold outline, no text, square composition"
FR:F Minimal Pairs - Initial,frog,"clean vector clipart of frog, centered, isolated, plain white background, minimal style, bold outline, no text, square composition"
FR:F Minimal Pairs - Initial,fog,"clean vector clipart of fog, centered, isolated, plain white background, minimal style, bold outline, no text, square composition"
FR:F Minimal Pairs - Initial,fruit,"clean vector clipart of fruit, centered, isolated, plain white background, minimal style, bold outline, no text, square composition"
FR:F Minimal Pairs - Initial,freeze,"clean vector clipart of freeze, centered, isolated, plain white background, minimal style, bold outline, no text, square composition"
FR:F Minimal Pairs - Initial,fees,"clean vector clipart of fees, centered, isolated, plain white background, minimal style, bold outline, no text, square composition"
FR:F Minimal Pairs - Initial,fright,"clean vector clipart of fright, centered, isolated, plain white background, minimal style, bold outline, no text, square composition"
FR:F Minimal Pairs - Initial,frizzy,"clean vector clipart of frizzy, centered, isolated, plain white background, minimal style, bold outline, no text, square composition"
FR:F Minimal Pairs - Initial,fizzy,"clean vector clipart of fizzy, centered, isolated, plain white background, minimal style, bold outline, no text, square composition"
FR:F Minimal Pairs - Initial,froze,"clean vector clipart of froze, centered, isolated, plain white background, minimal style, bold outline, no text, square composition"
FR:F Minimal Pairs - Initial,foes,"clean vector clipart of foes, centered, isolated, plain white background, minimal style, bold outline, no text, square composition"
FR:F Minimal Pairs - Initial,fish,"clean vector clipart of fish, centered, isolated, plain white background, minimal style, bold outline, no text, square composition"
GL:G Minimal Pairs - Initial,glow,"clean vector clipart of glow, centered, isolated, plain white background, minimal style, bold outline, no text, square composition"
GL:G Minimal Pairs - Initial,glass,"clean vector clipart of glass, centered, isolated, plain white background, minimal style, bold outline, no text, square composition"
GL:G Minimal Pairs - Initial,glue,"clean vector clipart of glue, centered, isolated, plain white background, minimal style, bold outline, no text, square composition"
GL:G Minimal Pairs - Initial,glide,"clean vector clipart of glide, centered, isolated, plain white background, minimal style, bold outline, no text, square composition"
GL:G Minimal Pairs - Initial,guide,"clean vector clipart of guide, centered, isolated, plain white background, minimal style, bold outline, no text, square composition"
GL:G Minimal Pairs - Initial,glum,"clean vector clipart of glum, centered, isolated, plain white background, minimal style, bold outline, no text, square composition"
GL:G Minimal Pairs - Initial,glasses,"clean vector clipart of glasses, centered, isolated, plain white background, minimal style, bold outline, no text, square composition"
GL:G Minimal Pairs - Initial,gasses,"clean vector clipart of gasses, centered, isolated, plain white background, minimal style, bold outline, no text, square composition"
GL:G Minimal Pairs - Initial,glaring,"clean vector clipart of glaring, centered, isolated, plain white background, minimal style, bold outline, no text, square composition"
GL:G Minimal Pairs - Initial,gary,"clean vector clipart of gary, centered, isolated, plain white background, minimal style, bold outline, no text, square composition"
GL:G Minimal Pairs - Initial,globe,"clean vector clipart of globe, centered, isolated, plain white background, minimal style, bold outline, no text, square composition"
GL:G Minimal Pairs - Initial,gliding,"clean vector clipart of gliding, centered, isolated, plain white background, minimal style, bold outline, no text, square composition"
GL:G Minimal Pairs - Initial,guiding,"clean vector clipart of guiding, centered, isolated, plain white background, minimal style, bold outline, no text, square composition"
GL:G Minimal Pairs - Initial,glade,"clean vector clipart of glade, centered, isolated, plain white background, minimal style, bold outline, no text, square composition"
GL:G Minimal Pairs - Initial,gloss,"clean vector clipart of gloss, centered, isolated, plain white background, minimal style, bold outline, no text, square composition"
GL:G Minimal Pairs - Initial,glove,"clean vector clipart of glove, centered, isolated, plain white background, minimal style, bold outline, no text, square composition"
GR:G Minimal Pairs - Initial,grass,"clean vector clipart of grass, centered, isolated, plain white background, minimal style, bold outline, no text, square composition"
GR:G Minimal Pairs - Initial,grew,"clean vector clipart of grew, centered, isolated, plain white background, minimal style, bold outline, no text, square composition"
GR:G Minimal Pairs - Initial,grind,"clean vector clipart of grind, centered, isolated, plain white background, minimal style, bold outline, no text, square composition"
GR:G Minimal Pairs - Initial,rind,"clean vector clipart of rind, centered, isolated, plain white background, minimal style, bold outline, no text, square composition"
GR:G Minimal Pairs - Initial,gross,"clean vector clipart of gross, centered, isolated, plain white background, minimal style, bold outline, no text, square composition"
GR:G Minimal Pairs - Initial,great,"clean vector clipart of great, centered, isolated, plain white background, minimal style, bold outline, no text, square composition"
GR:G Minimal Pairs - Initial,grill,"clean vector clipart of grill, centered, isolated, plain white background, minimal style, bold outline, no text, square composition"
GR:G Minimal Pairs - Initial,gill,"clean vector clipart of gill, centered, isolated, plain white background, minimal style, bold outline, no text, square composition"
GR:G Minimal Pairs - Initial,gravel,"clean vector clipart of gravel, centered, isolated, plain white background, minimal style, bold outline, no text, square composition"
GR:G Minimal Pairs - Initial,gavel,"clean vector clipart of gavel, centered, isolated, plain white background, minimal style, bold outline, no text, square composition"
GR:G Minimal Pairs - Initial,groove,"clean vector clipart of groove, centered, isolated, plain white background, minimal style, bold outline, no text, square composition"
GR:G Minimal Pairs - Initial,grape,"clean vector clipart of grape, centered, isolated, plain white background, minimal style, bold outline, no text, square composition"
GR:G Minimal Pairs - Initial,gape,"clean vector clipart of gape, centered, isolated, plain white background, minimal style, bold outline, no text, square composition"
GR:G Minimal Pairs - Initial,ground,"clean vector clipart of ground, centered, isolated, plain white background, minimal style, bold outline, no text, square composition"
GR:G Minimal Pairs - Initial,growl,"clean vector clipart of growl, centered, isolated, plain white background, minimal style, bold outline, no text, square composition"
GR:G Minimal Pairs - Initial,gal,"clean vector clipart of gal, centered, isolated, plain white background, minimal style, bold outline, no text, square composition"
KL:K Minimal Pairs - Initial,clap,"clean vector clipart of clap, centered, isolated, plain white background, minimal style, bold outline, no text, square composition"
KL:K Minimal Pairs - Initial,clay,"clean vector clipart of clay, centered, isolated, plain white background, minimal style, bold outline, no text, square composition"
KL:K Minimal Pairs - Initial,k,"clean vector clipart of k, centered, isolated, plain white background, minimal style, bold outline, no text, square composition"
KL:K Minimal Pairs - Initial,claw,"clean vector clipart of claw, centered, isolated, plain white background, minimal style, bold outline, no text, square composition"
KL:K Minimal Pairs - Initial,clone,"clean vector clipart of clone, centered, isolated, plain white background, minimal style, bold outline, no text, square composition"
KL:K Minimal Pairs - Initial,cone,"clean vector clipart of cone, centered, isolated, plain white background, minimal style, bold outline, no text, square composition"
KL:K Minimal Pairs - Initial,cloud,"clean vector clipart of cloud, centered, isolated, plain white background, minimal style, bold outline, no text, square composition"
KL:K Minimal Pairs - Initial,climb,"clean vector clipart of climb, centered, isolated, plain white background, minimal style, bold outline, no text, square composition"
KL:K Minimal Pairs - Initial,comb,"clean vector clipart of comb, centered, isolated, plain white background, minimal style, bold outline, no text, square composition"
KL:K Minimal Pairs - Initial,click,"clean vector clipart of click, centered, isolated, plain white background, minimal style, bold outline, no text, square composition"
KL:K Minimal Pairs - Initial,clan,"clean vector clipart of clan, centered, isolated, plain white background, minimal style, bold outline, no text, square composition"
KL:K Minimal Pairs - Initial,close,"clean vector clipart of close, centered, isolated, plain white background, minimal style, bold outline, no text, square composition"
KL:K Minimal Pairs - Initial,clam,"clean vector clipart of clam, centered, isolated, plain white background, minimal style, bold outline, no text, square composition"
KL:K Minimal Pairs - Initial,cam,"clean vector clipart of cam, centered, isolated, plain white background, minimal style, bold outline, no text, square composition"
KR:K Minimal Pairs - Initial,crone,"clean vector clipart of crone, centered, isolated, plain white background, minimal style, bold outline, no text, square composition"
KR:K Minimal Pairs - Initial,crayon,"clean vector clipart of crayon, centered, isolated, plain white background, minimal style, bold outline, no text, square composition"
KR:K Minimal Pairs - Initial,crab,"clean vector clipart of crab, centered, isolated, plain white background, minimal style, bold outline, no text, square composition"
KR:K Minimal Pairs - Initial,crash,"clean vector clipart of crash, centered, isolated, plain white background, minimal style, bold outline, no text, square composition"
KR:K Minimal Pairs - Initial,crate,"clean vector clipart of crate, centered, isolated, plain white background, minimal style, bold outline, no text, square composition"
KR:K Minimal Pairs - Initial,kate,"clean vector clipart of kate, centered, isolated, plain white background, minimal style, bold outline, no text, square composition"
KR:K Minimal Pairs - Initial,crawl,"clean vector clipart of crawl, centered, isolated, plain white background, minimal style, bold outline, no text, square composition"
KR:K Minimal Pairs - Initial,crane,"clean vector clipart of crane, centered, isolated, plain white background, minimal style, bold outline, no text, square composition"
KR:K Minimal Pairs - Initial,creep,"clean vector clipart of creep, centered, isolated, plain white background, minimal style, bold outline, no text, square composition"
KR:K Minimal Pairs - Initial,keep,"clean vector clipart of keep, centered, isolated, plain white background, minimal style, bold outline, no text, square composition"
KR:K Minimal Pairs - Initial,crave,"clean vector clipart of crave, centered, isolated, plain white background, minimal style, bold outline, no text, square composition"
KR:K Minimal Pairs - Initial,crew,"clean vector clipart of crew, centered, isolated, plain white background, minimal style, bold outline, no text, square composition"
KR:K Minimal Pairs - Initial,coo,"clean vector clipart of coo, centered, isolated, plain white background, minimal style, bold outline, no text, square composition"
KR:K Minimal Pairs - Initial,crop,"clean vector clipart of crop, centered, isolated, plain white background, minimal style, bold outline, no text, square composition"
KR:K Minimal Pairs - Initial,chris,"clean vector clipart of chris, centered, isolated, plain white background, minimal style, bold outline, no text, square composition"
KR:K Minimal Pairs - Initial,kiss,"clean vector clipart of kiss, centered, isolated, plain white background, minimal style, bold outline, no text, square composition"
PL:P Minimal Pairs - Initial,play,"clean vector clipart of play, centered, isolated, plain white background, minimal style, bold outline, no text, square composition"
PL:P Minimal Pairs - Initial,pay,"clean vector clipart of pay, centered, isolated, plain white background, minimal style, bold outline, no text, square composition"
PL:P Minimal Pairs - Initial,plane,"clean vector clipart of plane, centered, isolated, plain white background, minimal style, bold outline, no text, square composition"
PL:P Minimal Pairs - Initial,pain,"clean vector clipart of pain, centered, isolated, plain white background, minimal style, bold outline, no text, square composition"
PL:P Minimal Pairs - Initial,plant,"clean vector clipart of plant, centered, isolated, plain white background, minimal style, bold outline, no text, square composition"
PL:P Minimal Pairs - Initial,pant,"clean vector clipart of pant, centered, isolated, plain white background, minimal style, bold outline, no text, square composition"
PL:P Minimal Pairs - Initial,plow,"clean vector clipart of plow, centered, isolated, plain white background, minimal style, bold outline, no text, square composition"
PL:P Minimal Pairs - Initial,plot,"clean vector clipart of plot, centered, isolated, plain white background, minimal style, bold outline, no text, square composition"
PL:P Minimal Pairs - Initial,plug,"clean vector clipart of plug, centered, isolated, plain white background, minimal style, bold outline, no text, square composition"
PL:P Minimal Pairs - Initial,plan,"clean vector clipart of plan, centered, isolated, plain white background, minimal style, bold outline, no text, square composition"
PL:P Minimal Pairs - Initial,please,"clean vector clipart of please, centered, isolated, plain white background, minimal style, bold outline, no text, square composition"
PL:P Minimal Pairs - Initial,plop,"clean vector clipart of plop, centered, isolated, plain white background, minimal style, bold outline, no text, square composition"
PL:P Minimal Pairs - Initial,pop,"clean vector clipart of pop, centered, isolated, plain white background, minimal style, bold outline, no text, square composition"
PL:P Minimal Pairs - Initial,pluck,"clean vector clipart of pluck, centered, isolated, plain white background, minimal style, bold outline, no text, square composition"
PL:P Minimal Pairs - Initial,pace,"clean vector clipart of pace, centered, isolated, plain white background, minimal style, bold outline, no text, square composition"
PR:P Minimal Pairs - Initial,pray,"clean vector clipart of pray, centered, isolated, plain white background, minimal style, bold outline, no text, square composition"
PR:P Minimal Pairs - Initial,pry,"clean vector clipart of pry, centered, isolated, plain white background, minimal style, bold outline, no text, square composition"
PR:P Minimal Pairs - Initial,prize,"clean vector clipart of prize, centered, isolated, plain white background, minimal style, bold outline, no text, square composition"
PR:P Minimal Pairs - Initial,pies,"clean vector clipart of pies, centered, isolated, plain white background, minimal style, bold outline, no text, square composition"
PR:P Minimal Pairs - Initial,present,"clean vector clipart of present, centered, isolated, plain white background, minimal style, bold outline, no text, square composition"
PR:P Minimal Pairs - Initial,peasant,"clean vector clipart of peasant, centered, isolated, plain white background, minimal style, bold outline, no text, square composition"
PR:P Minimal Pairs - Initial,print,"clean vector clipart of print, centered, isolated, plain white background, minimal style, bold outline, no text, square composition"
PR:P Minimal Pairs - Initial,pint,"clean vector clipart of pint, centered, isolated, plain white background, minimal style, bold outline, no text, square composition"
PR:P Minimal Pairs - Initial,pros,"clean vector clipart of pros, centered, isolated, plain white background, minimal style, bold outline, no text, square composition"
PR:P Minimal Pairs - Initial,pose,"clean vector clipart of pose, centered, isolated, plain white background, minimal style, bold outline, no text, square composition"
PR:P Minimal Pairs - Initial,price,"clean vector clipart of price, centered, isolated, plain white background, minimal style, bold outline, no text, square composition"
PR:P Minimal Pairs - Initial,prawn,"clean vector clipart of prawn, centered, isolated, plain white background, minimal style, bold outline, no text, square composition"
PR:P Minimal Pairs - Initial,pond,"clean vector clipart of pond, centered, isolated, plain white background, minimal style, bold outline, no text, square composition"
PR:P Minimal Pairs - Initial,prick,"clean vector clipart of prick, centered, isolated, plain white background, minimal style, bold outline, no text, square composition"
PR:P Minimal Pairs - Initial,prune,"clean vector clipart of prune, centered, isolated, plain white background, minimal style, bold outline, no text, square composition"
PR:P Minimal Pairs - Initial,prince,"clean vector clipart of prince, centered, isolated, plain white background, minimal style, bold outline, no text, square composition"
PR:P Minimal Pairs - Initial,pinch,"clean vector clipart of pinch, centered, isolated, plain white background, minimal style, bold outline, no text, square composition"
PR:P Minimal Pairs - Initial,prance,"clean vector clipart of prance, centered, isolated, plain white background, minimal style, bold outline, no text, square composition"
PR:P Minimal Pairs - Initial,pants,"clean vector clipart of pants, centered, isolated, plain white background, minimal style, bold outline, no text, square composition"
SK:S Minimal Pairs - Initial,scoop,"clean vector clipart of scoop, centered, isolated, plain white background, minimal style, bold outline, no text, square composition"
SK:S Minimal Pairs - Initial,ski,"clean vector clipart of ski, centered, isolated, plain white background, minimal style, bold outline, no text, square composition"
SK:S Minimal Pairs - Initial,see,"clean vector clipart of see, centered, isolated, plain white background, minimal style, bold outline, no text, square composition"
SK:S Minimal Pairs - Initial,skip,"clean vector clipart of skip, centered, isolated, plain white background, minimal style, bold outline, no text, square composition"
SK:S Minimal Pairs - Initial,scale,"clean vector clipart of scale, centered, isolated, plain white background, minimal style, bold outline, no text, square composition"
SK:S Minimal Pairs - Initial,sail,"clean vector clipart of sail, centered, isolated, plain white background, minimal style, bold outline, no text, square composition"
SK:S Minimal Pairs - Initial,sky,"clean vector clipart of sky, centered, isolated, plain white background, minimal style, bold outline, no text, square composition"
SK:S Minimal Pairs - Initial,scoot,"clean vector clipart of scoot, centered, isolated, plain white background, minimal style, bold outline, no text, square composition"
SK:S Minimal Pairs - Initial,skill,"clean vector clipart of skill, centered, isolated, plain white background, minimal style, bold outline, no text, square composition"
SK:S Minimal Pairs - Initial,scream,"clean vector clipart of scream, centered, isolated, plain white background, minimal style, bold outline, no text, square composition"
SK:S Minimal Pairs - Initial,seam,"clean vector clipart of seam, centered, isolated, plain white background, minimal style, bold outline, no text, square composition"
SK:S Minimal Pairs - Initial,scrub,"clean vector clipart of scrub, centered, isolated, plain white background, minimal style, bold outline, no text, square composition"
SK:S Minimal Pairs - Initial,squish,"clean vector clipart of squish, centered, isolated, plain white background, minimal style, bold outline, no text, square composition"
SK:S Minimal Pairs - Initial,swish,"clean vector clipart of swish, centered, isolated, plain white background, minimal style, bold outline, no text, square composition"
SK:S Minimal Pairs - Initial,scooter,"clean vector clipart of scooter, centered, isolated, plain white background, minimal style, bold outline, no text, square composition"
SK:S Minimal Pairs - Initial,suitor,"clean vector clipart of suitor, centered, isolated, plain white background, minimal style, bold outline, no text, square composition"
SK:K Minimal Paris - Initial,scan,"clean vector clipart of scan, centered, isolated, plain white background, minimal style, bold outline, no text, square composition"
SK:K Minimal Paris - Initial,coop,"clean vector clipart of coop, centered, isolated, plain white background, minimal style, bold outline, no text, square composition"
SK:K Minimal Paris - Initial,skate,"clean vector clipart of skate, centered, isolated, plain white background, minimal style, bold outline, no text, square composition"
SK:K Minimal Paris - Initial,skid,"clean vector clipart of skid, centered, isolated, plain white background, minimal style, bold outline, no text, square composition"
SK:K Minimal Paris - Initial,screw,"clean vector clipart of screw, centered, isolated, plain white background, minimal style, bold outline, no text, square composition"
SK:K Minimal Paris - Initial,school,"clean vector clipart of school, centered, isolated, plain white background, minimal style, bold outline, no text, square composition"
SK:K Minimal Paris - Initial,cream,"clean vector clipart of cream, centered, isolated, plain white background, minimal style, bold outline, no text, square composition"
SL:S Minimal Pairs - Initial,slope,"clean vector clipart of slope, centered, isolated, plain white background, minimal style, bold outline, no text, square composition"
SL:S Minimal Pairs - Initial,soap,"clean vector clipart of soap, centered, isolated, plain white background, minimal style, bold outline, no text, square composition"
SL:S Minimal Pairs - Initial,slip,"clean vector clipart of slip, centered, isolated, plain white background, minimal style, bold outline, no text, square composition"
SL:S Minimal Pairs - Initial,slam,"clean vector clipart of slam, centered, isolated, plain white background, minimal style, bold outline, no text, square composition"
SL:S Minimal Pairs - Initial,sam,"clean vector clipart of sam, centered, isolated, plain white background, minimal style, bold outline, no text, square composition"
SL:S Minimal Pairs - Initial,slash,"clean vector clipart of slash, centered, isolated, plain white background, minimal style, bold outline, no text, square composition"
SL:S Minimal Pairs - Initial,sash,"clean vector clipart of sash, centered, isolated, plain white background, minimal style, bold outline, no text, square composition"
SL:S Minimal Pairs - Initial,slow,"clean vector clipart of slow, centered, isolated, plain white background, minimal style, bold outline, no text, square composition"
SL:S Minimal Pairs - Initial,slap,"clean vector clipart of slap, centered, isolated, plain white background, minimal style, bold outline, no text, square composition"
SL:S Minimal Pairs - Initial,slob,"clean vector clipart of slob, centered, isolated, plain white background, minimal style, bold outline, no text, square composition"
SL:S Minimal Pairs - Initial,sob,"clean vector clipart of sob, centered, isolated, plain white background, minimal style, bold outline, no text, square composition"
SL:S Minimal Pairs - Initial,slick,"clean vector clipart of slick, centered, isolated, plain white background, minimal style, bold outline, no text, square composition"
SL:S Minimal Pairs - Initial,sling,"clean vector clipart of sling, centered, isolated, plain white background, minimal style, bold outline, no text, square composition"
SL:S Minimal Pairs - Initial,sing,"clean vector clipart of sing, centered, isolated, plain white background, minimal style, bold outline, no text, square composition"
SL:S Minimal Pairs - Initial,sleet,"clean vector clipart of sleet, centered, isolated, plain white background, minimal style, bold outline, no text, square composition"
SL:S Minimal Pairs - Initial,slide,"clean vector clipart of slide, centered, isolated, plain white background, minimal style, bold outline, no text, square composition"
SL:S Minimal Pairs - Initial,side,"clean vector clipart of side, centered, isolated, plain white background, minimal style, bold outline, no text, square composition"
SL:S Minimal Pairs - Initial,slinky,"clean vector clipart of slinky, centered, isolated, plain white background, minimal style, bold outline, no text, square composition"
SL:S Minimal Pairs - Initial,sinking,"clean vector clipart of sinking, centered, isolated, plain white background, minimal style, bold outline, no text, square composition"
SL:L Minimal Pairs - Initial,lip,"clean vector clipart of lip, centered, isolated, plain white background, minimal style, bold outline, no text, square composition"
SL:L Minimal Pairs - Initial,slime,"clean vector clipart of slime, centered, isolated, plain white background, minimal style, bold outline, no text, square composition"
SL:L Minimal Pairs - Initial,sleep,"clean vector clipart of sleep, centered, isolated, plain white background, minimal style, bold outline, no text, square composition"
SL:L Minimal Pairs - Initial,slice,"clean vector clipart of slice, centered, isolated, plain white background, minimal style, bold outline, no text, square composition"
SL:L Minimal Pairs - Initial,lice,"clean vector clipart of lice, centered, isolated, plain white background, minimal style, bold outline, no text, square composition"
SM:S Minimal Pairs - Initial,smell,"clean vector clipart of smell, centered, isolated, plain white background, minimal style, bold outline, no text, square composition"
SM:S Minimal Pairs - Initial,smash,"clean vector clipart of smash, centered, isolated, plain white background, minimal style, bold outline, no text, square composition"
SM:S Minimal Pairs - Initial,smack,"clean vector clipart of smack, centered, isolated, plain white background, minimal style, bold outline, no text, square composition"
SM:S Minimal Pairs - Initial,smoke,"clean vector clipart of smoke, centered, isolated, plain white background, minimal style, bold outline, no text, square composition"
SM:S Minimal Pairs - Initial,soak,"clean vector clipart of soak, centered, isolated, plain white background, minimal style, bold outline, no text, square composition"
SM:S Minimal Pairs - Initial,s'more,"clean vector clipart of s'more, centered, isolated, plain white background, minimal style, bold outline, no text, square composition"
SM:S Minimal Pairs - Initial,smoggy,"clean vector clipart of smoggy, centered, isolated, plain white background, minimal style, bold outline, no text, square composition"
SM:S Minimal Pairs - Initial,smear,"clean vector clipart of smear, centered, isolated, plain white background, minimal style, bold outline, no text, square composition"
SM:S Minimal Pairs - Initial,sear,"clean vector clipart of sear, centered, isolated, plain white background, minimal style, bold outline, no text, square composition"
SM:S Minimal Pairs - Initial,smile,"clean vector clipart of smile, centered, isolated, plain white background, minimal style, bold outline, no text, square composition"
SM:S Minimal Pairs - Initial,silo,"clean vector clipart of silo, centered, isolated, plain white background, minimal style, bold outline, no text, square composition"
SM:S Minimal Pairs - Initial,smock,"clean vector clipart of smock, centered, isolated, plain white background, minimal style, bold outline, no text, square composition"
SM:S Minimal Pairs - Initial,smarty,"clean vector clipart of smarty, centered, isolated, plain white background, minimal style, bold outline, no text, square composition"
SM:S Minimal Pairs - Initial,smolder,"clean vector clipart of smolder, centered, isolated, plain white background, minimal style, bold outline, no text, square composition"
SM:M Minimal Pairs - Initial,small,"clean vector clipart of small, centered, isolated, plain white background, minimal style, bold outline, no text, square composition"
SM:M Minimal Pairs - Initial,mall,"clean vector clipart of mall, centered, isolated, plain white background, minimal style, bold outline, no text, square composition"
SM:M Minimal Pairs - Initial,mile,"clean vector clipart of mile, centered, isolated, plain white background, minimal style, bold outline, no text, square composition"
SM:M Minimal Pairs - Initial,mash,"clean vector clipart of mash, centered, isolated, plain white background, minimal style, bold outline, no text, square composition"
SM:M Minimal Pairs - Initial,smother,"clean vector clipart of smother, centered, isolated, plain white background, minimal style, bold outline, no text, square composition"
SM:M Minimal Pairs - Initial,smush,"clean vector clipart of smush, centered, isolated, plain white background, minimal style, bold outline, no text, square composition"
SM:M Minimal Pairs - Initial,mush,"clean vector clipart of mush, centered, isolated, plain white background, minimal style, bold outline, no text, square composition"
SM:M Minimal Pairs - Initial,mack,"clean vector clipart of mack, centered, isolated, plain white background, minimal style, bold outline, no text, square composition"
SM:M Minimal Pairs - Initial,mock,"clean vector clipart of mock, centered, isolated, plain white background, minimal style, bold outline, no text, square composition"
SM:M Minimal Pairs - Initial,smug,"clean vector clipart of smug, centered, isolated, plain white background, minimal style, bold outline, no text, square composition"
SM:M Minimal Pairs - Initial,mel,"clean vector clipart of mel, centered, isolated, plain white background, minimal style, bold outline, no text, square composition"
SM:M Minimal Pairs - Initial,smaller,"clean vector clipart of smaller, centered, isolated, plain white background, minimal style, bold outline, no text, square composition"
SM:M Minimal Pairs - Initial,molar,"clean vector clipart of molar, centered, isolated, plain white background, minimal style, bold outline, no text, square composition"
SM:M Minimal Pairs - Initial,smoothie,"clean vector clipart of smoothie, centered, isolated, plain white background, minimal style, bold outline, no text, square composition"
SN:S Minimal Pairs - Initial SN,snap,"clean vector clipart of snap, centered, isolated, plain white background, minimal style, bold outline, no text, square composition"
SN:S Minimal Pairs - Initial SN,sag,"clean vector clipart of sag, centered, isolated, plain white background, minimal style, bold outline, no text, square composition"
SN:S Minimal Pairs - Initial SN,sneeze,"clean vector clipart of sneeze, centered, isolated, plain white background, minimal style, bold outline, no text, square composition"
SN:S Minimal Pairs - Initial SN,sees,"clean vector clipart of sees, centered, isolated, plain white background, minimal style, bold outline, no text, square composition"
SN:S Minimal Pairs - Initial SN,snob,"clean vector clipart of snob, centered, isolated, plain white background, minimal style, bold outline, no text, square composition"
SN:S Minimal Pairs - Initial SN,snort,"clean vector clipart of snort, centered, isolated, plain white background, minimal style, bold outline, no text, square composition"
SN:S Minimal Pairs - Initial SN,sort,"clean vector clipart of sort, centered, isolated, plain white background, minimal style, bold outline, no text, square composition"
SN:S Minimal Pairs - Initial SN,snoop,"clean vector clipart of snoop, centered, isolated, plain white background, minimal style, bold outline, no text, square composition"
SN:S Minimal Pairs - Initial SN,snip,"clean vector clipart of snip, centered, isolated, plain white background, minimal style, bold outline, no text, square composition"
SN:S Minimal Pairs - Initial SN,sneak,"clean vector clipart of sneak, centered, isolated, plain white background, minimal style, bold outline, no text, square composition"
SN:S Minimal Pairs - Initial SN,seek,"clean vector clipart of seek, centered, isolated, plain white background, minimal style, bold outline, no text, square composition"
SN:N Minimal Pairs - Initial SN,nail,"clean vector clipart of nail, centered, isolated, plain white background, minimal style, bold outline, no text, square composition"
SN:N Minimal Pairs - Initial SN,nag,"clean vector clipart of nag, centered, isolated, plain white background, minimal style, bold outline, no text, square composition"
SN:N Minimal Pairs - Initial SN,no,"clean vector clipart of no, centered, isolated, plain white background, minimal style, bold outline, no text, square composition"
SN:N Minimal Pairs - Initial SN,nip,"clean vector clipart of nip, centered, isolated, plain white background, minimal style, bold outline, no text, square composition"
SN:N Minimal Pairs - Initial SN,snooze,"clean vector clipart of snooze, centered, isolated, plain white background, minimal style, bold outline, no text, square composition"
SN:N Minimal Pairs - Initial SN,news,"clean vector clipart of news, centered, isolated, plain white background, minimal style, bold outline, no text, square composition"
SN:N Minimal Pairs - Initial SN,snicker,"clean vector clipart of snicker, centered, isolated, plain white background, minimal style, bold outline, no text, square composition"
SN:N Minimal Pairs - Initial SN,nicker,"clean vector clipart of nicker, centered, isolated, plain white background, minimal style, bold outline, no text, square composition"
SN:N Minimal Pairs - Initial SN,knack,"clean vector clipart of knack, centered, isolated, plain white background, minimal style, bold outline, no text, square composition"
SN:N Minimal Pairs - Initial SN,sneer,"clean vector clipart of sneer, centered, isolated, plain white background, minimal style, bold outline, no text, square composition"
SN:N Minimal Pairs - Initial SN,near,"clean vector clipart of near, centered, isolated, plain white background, minimal style, bold outline, no text, square composition"
SN:N Minimal Pairs - Initial SN,snapping,"clean vector clipart of snapping, centered, isolated, plain white background, minimal style, bold outline, no text, square composition"
SN:N Minimal Pairs - Initial SN,napping,"clean vector clipart of napping, centered, isolated, plain white background, minimal style, bold outline, no text, square composition"
ST:S Minimal Pairs - Initial ST,stay,"clean vector clipart of stay, centered, isolated, plain white background, minimal style, bold outline, no text, square composition"
ST:S Minimal Pairs - Initial ST,say,"clean vector clipart of say, centered, isolated, plain white background, minimal style, bold outline, no text, square composition"
ST:S Minimal Pairs - Initial ST,sage,"clean vector clipart of sage, centered, isolated, plain white background, minimal style, bold outline, no text, square composition"
ST:S Minimal Pairs - Initial ST,steal,"clean vector clipart of steal, centered, isolated, plain white background, minimal style, bold outline, no text, square composition"
ST:S Minimal Pairs - Initial ST,stew,"clean vector clipart of stew, centered, isolated, plain white background, minimal style, bold outline, no text, square composition"
ST:S Minimal Pairs - Initial ST,sting,"clean vector clipart of sting, centered, isolated, plain white background, minimal style, bold outline, no text, square composition"
ST:S Minimal Pairs - Initial ST,stick,"clean vector clipart of stick, centered, isolated, plain white background, minimal style, bold outline, no text, square composition"
ST:S Minimal Pairs - Initial ST,stale,"clean vector clipart of stale, centered, isolated, plain white background, minimal style, bold outline, no text, square composition"
ST:T Minimal Pairs - Initial ST,stop,"clean vector clipart of stop, centered, isolated, plain white background, minimal style, bold outline, no text, square composition"
ST:T Minimal Pairs - Initial ST,stall,"clean vector clipart of stall, centered, isolated, plain white background, minimal style, bold outline, no text, square composition"
ST:T Minimal Pairs - Initial ST,steer,"clean vector clipart of steer, centered, isolated, plain white background, minimal style, bold outline, no text, square composition"
ST:T Minimal Pairs - Initial ST,steak,"clean vector clipart of steak, centered, isolated, plain white background, minimal style, bold outline, no text, square composition"
ST:T Minimal Pairs - Initial ST,take,"clean vector clipart of take, centered, isolated, plain white background, minimal style, bold outline, no text, square composition"
ST:T Minimal Pairs - Initial ST,style,"clean vector clipart of style, centered, isolated, plain white background, minimal style, bold outline, no text, square composition"
ST:T Minimal Pairs - Initial ST,tile,"clean vector clipart of tile, centered, isolated, plain white background, minimal style, bold outline, no text, square composition"
ST:T Minimal Pairs - Initial ST,stuck,"clean vector clipart of stuck, centered, isolated, plain white background, minimal style, bold outline, no text, square composition"
ST:T Minimal Pairs - Initial ST,tuck,"clean vector clipart of tuck, centered, isolated, plain white background, minimal style, bold outline, no text, square composition"
SW:S Minimal Pairs - Initial SW,sweet,"clean vector clipart of sweet, centered, isolated, plain white background, minimal style, bold outline, no text, square composition"
SW:S Minimal Pairs - Initial SW,sweep,"clean vector clipart of sweep, centered, isolated, plain white background, minimal style, bold outline, no text, square composition"
SW:S Minimal Pairs - Initial SW,seep,"clean vector clipart of seep, centered, isolated, plain white background, minimal style, bold outline, no text, square composition"
SW:S Minimal Pairs - Initial SW,swab,"clean vector clipart of swab, centered, isolated, plain white background, minimal style, bold outline, no text, square composition"
SW:S Minimal Pairs - Initial SW,swell,"clean vector clipart of swell, centered, isolated, plain white background, minimal style, bold outline, no text, square composition"
SW:S Minimal Pairs - Initial SW,swing,"clean vector clipart of swing, centered, isolated, plain white background, minimal style, bold outline, no text, square composition"
SW:S Minimal Pairs - Initial SW,swoop,"clean vector clipart of swoop, centered, isolated, plain white background, minimal style, bold outline, no text, square composition"
SW:S Minimal Pairs - Initial SW,soop,"clean vector clipart of soop, centered, isolated, plain white background, minimal style, bold outline, no text, square composition"
SW:S Minimal Pairs - Initial SW,swift,"clean vector clipart of swift, centered, isolated, plain white background, minimal style, bold outline, no text, square composition"
SW:S Minimal Pairs - Initial SW,sift,"clean vector clipart of sift, centered, isolated, plain white background, minimal style, bold outline, no text, square composition"
SW:S Minimal Pairs - Initial SW,swan,"clean vector clipart of swan, centered, isolated, plain white background, minimal style, bold outline, no text, square composition"
SW:S Minimal Pairs - Initial SW,son,"clean vector clipart of son, centered, isolated, plain white background, minimal style, bold outline, no text, square composition"
SW:S Minimal Pairs - Initial SW,swoon,"clean vector clipart of swoon, centered, isolated, plain white background, minimal style, bold outline, no text, square composition"
SW:S Minimal Pairs - Initial SW,soon,"clean vector clipart of soon, centered, isolated, plain white background, minimal style, bold outline, no text, square composition"
SW:S Minimal Pairs - Initial SW,swag,"clean vector clipart of swag, centered, isolated, plain white background, minimal style, bold outline, no text, square composition"
SW:S Minimal Pairs - Initial SW,swam,"clean vector clipart of swam, centered, isolated, plain white background, minimal style, bold outline, no text, square composition"
SW:S Minimal Pairs - Initial SW,sway,"clean vector clipart of sway, centered, isolated, plain white background, minimal style, bold outline, no text, square composition"
SW:W Minimal Pairs - Initial SW,swipe,"clean vector clipart of swipe, centered, isolated, plain white background, minimal style, bold outline, no text, square composition"
SW:W Minimal Pairs - Initial SW,sweat,"clean vector clipart of sweat, centered, isolated, plain white background, minimal style, bold outline, no text, square composition"
SW:W Minimal Pairs - Initial SW,weep,"clean vector clipart of weep, centered, isolated, plain white background, minimal style, bold outline, no text, square composition"
SW:W Minimal Pairs - Initial SW,swarm,"clean vector clipart of swarm, centered, isolated, plain white background, minimal style, bold outline, no text, square composition"
SW:W Minimal Pairs - Initial SW,warm,"clean vector clipart of warm, centered, isolated, plain white background, minimal style, bold outline, no text, square composition"
SW:W Minimal Pairs - Initial SW,well,"clean vector clipart of well, centered, isolated, plain white background, minimal style, bold outline, no text, square composition"
SW:W Minimal Pairs - Initial SW,wish,"clean vector clipart of wish, centered, isolated, plain white background, minimal style, bold outline, no text, square composition"
SW:W Minimal Pairs - Initial SW,switch,"clean vector clipart of switch, centered, isolated, plain white background, minimal style, bold outline, no text, square composition"
SW:W Minimal Pairs - Initial SW,swat,"clean vector clipart of swat, centered, isolated, plain white background, minimal style, bold outline, no text, square composition"
SW:W Minimal Pairs - Initial SW,swallow,"clean vector clipart of swallow, centered, isolated, plain white background, minimal style, bold outline, no text, square composition"
SW:W Minimal Pairs - Initial SW,wallow,"clean vector clipart of wallow, centered, isolated, plain white background, minimal style, bold outline, no text, square composition"
SW:W Minimal Pairs - Initial SW,juan,"clean vector clipart of juan, centered, isolated, plain white background, minimal style, bold outline, no text, square composition"
B:(deleted) Minimal Pairs - Initial,at,"clean vector clipart of at, centered, isolated, plain white background, minimal style, bold outline, no text, square composition"
B:(deleted) Minimal Pairs - Initial,ball,"clean vector clipart of ball, centered, isolated, plain white background, minimal style, bold outline, no text, square composition"
B:(deleted) Minimal Pairs - Initial,all,"clean vector clipart of all, centered, isolated, plain white background, minimal style, bold outline, no text, square composition"
B:(deleted) Minimal Pairs - Initial,bell,"clean vector clipart of bell, centered, isolated, plain white background, minimal style, bold outline, no text, square composition"
B:(deleted) Minimal Pairs - Initial,l,"clean vector clipart of l, centered, isolated, plain white background, minimal style, bold outline, no text, square composition"
B:(deleted) Minimal Pairs - Initial,oat,"clean vector clipart of oat, centered, isolated, plain white background, minimal style, bold outline, no text, square composition"
B:(deleted) Minimal Pairs - Initial,e,"clean vector clipart of e, centered, isolated, plain white background, minimal style, bold outline, no text, square composition"
B:(deleted) Minimal Pairs - Initial,boil,"clean vector clipart of boil, centered, isolated, plain white background, minimal style, bold outline, no text, square composition"
B:(deleted) Minimal Pairs - Initial,oil,"clean vector clipart of oil, centered, isolated, plain white background, minimal style, bold outline, no text, square composition"
B:(deleted) Minimal Pairs - Initial,ike,"clean vector clipart of ike, centered, isolated, plain white background, minimal style, bold outline, no text, square composition"
B:(deleted) Minimal Pairs - Initial,own,"clean vector clipart of own, centered, isolated, plain white background, minimal style, bold outline, no text, square composition"
B:(deleted) Minimal Pairs - Initial,anne,"clean vector clipart of anne, centered, isolated, plain white background, minimal style, bold outline, no text, square composition"
B:(deleted) Minimal Pairs - Initial,ill,"clean vector clipart of ill, centered, isolated, plain white background, minimal style, bold outline, no text, square composition"
B:(deleted) Minimal Pairs - Initial,box,"clean vector clipart of box, centered, isolated, plain white background, minimal style, bold outline, no text, square composition"
B:(deleted) Minimal Pairs - Initial,ox,"clean vector clipart of ox, centered, isolated, plain white background, minimal style, bold outline, no text, square composition"
B:(deleted) Minimal Pairs - Final,rob,"clean vector clipart of rob, centered, isolated, plain white background, minimal style, bold outline, no text, square composition"
B:(deleted) Minimal Pairs - Final,tube,"clean vector clipart of tube, centered, isolated, plain white background, minimal style, bold outline, no text, square composition"
B:(deleted) Minimal Pairs - Final,q,"clean vector clipart of q, centered, isolated, plain white background, minimal style, bold outline, no text, square composition"
B:(deleted) Minimal Pairs - Final,a,"clean vector clipart of a, centered, isolated, plain white background, minimal style, bold outline, no text, square composition"
B:(deleted) Minimal Pairs - Final,maw,"clean vector clipart of maw, centered, isolated, plain white background, minimal style, bold outline, no text, square composition"
B:(deleted) Minimal Pairs - Final,baa,"clean vector clipart of baa, centered, isolated, plain white background, minimal style, bold outline, no text, square composition"
CH:(deleted) Minimal Pairs - Initial,chum,"clean vector clipart of chum, centered, isolated, plain white background, minimal style, bold outline, no text, square composition"
CH:(deleted) Minimal Pairs - Initial,um,"clean vector clipart of um, centered, isolated, plain white background, minimal style, bold outline, no text, square composition"
CH:(deleted) Minimal Pairs - Initial,cheesy,"clean vector clipart of cheesy, centered, isolated, plain white background, minimal style, bold outline, no text, square composition"
CH:(deleted) Minimal Pairs - Initial,easy,"clean vector clipart of easy, centered, isolated, plain white background, minimal style, bold outline, no text, square composition"
CH:(deleted) Minimal Pairs - Initial,chick,"clean vector clipart of chick, centered, isolated, plain white background, minimal style, bold outline, no text, square composition"
CH:(deleted) Minimal Pairs - Initial,ick,"clean vector clipart of ick, centered, isolated, plain white background, minimal style, bold outline, no text, square composition"
CH:(deleted) Minimal Pairs - Initial,chase,"clean vector clipart of chase, centered, isolated, plain white background, minimal style, bold outline, no text, square composition"
CH:(deleted) Minimal Pairs - Initial,ace,"clean vector clipart of ace, centered, isolated, plain white background, minimal style, bold outline, no text, square composition"
CH:(deleted) Minimal Pairs - Initial,cheek,"clean vector clipart of cheek, centered, isolated, plain white background, minimal style, bold outline, no text, square composition"
CH:(deleted) Minimal Pairs - Initial,eek,"clean vector clipart of eek, centered, isolated, plain white background, minimal style, bold outline, no text, square composition"
CH:(deleted) Minimal Pairs - Initial,in,"clean vector clipart of in, centered, isolated, plain white background, minimal style, bold outline, no text, square composition"
CH:(deleted) Minimal Pairs - Initial,cherry,"clean vector clipart of cherry, centered, isolated, plain white background, minimal style, bold outline, no text, square composition"
CH:(deleted) Minimal Pairs - Initial,airy,"clean vector clipart of airy, centered, isolated, plain white background, minimal style, bold outline, no text, square composition"
CH:(deleted) Minimal Pairs - Initial,choose,"clean vector clipart of choose, centered, isolated, plain white background, minimal style, bold outline, no text, square composition"
CH:(deleted) Minimal Pairs - Initial,ooze,"clean vector clipart of ooze, centered, isolated, plain white background, minimal style, bold outline, no text, square composition"
CH:(deleted) Minimal Pairs - Initial,cheer,"clean vector clipart of cheer, centered, isolated, plain white background, minimal style, bold outline, no text, square composition"
CH:(deleted) Minimal Pairs - Initial,ear,"clean vector clipart of ear, centered, isolated, plain white background, minimal style, bold outline, no text, square composition"
CH:(deleted) Minimal Pairs - Final,teach,"clean vector clipart of teach, centered, isolated, plain white background, minimal style, bold outline, no text, square composition"
CH:(deleted) Minimal Pairs - Final,p,"clean vector clipart of p, centered, isolated, plain white background, minimal style, bold outline, no text, square composition"
CH:(deleted) Minimal Pairs - Final,ouch,"clean vector clipart of ouch, centered, isolated, plain white background, minimal style, bold outline, no text, square composition"
CH:(deleted) Minimal Pairs - Final,couch,"clean vector clipart of couch, centered, isolated, plain white background, minimal style, bold outline, no text, square composition"
CH:(deleted) Minimal Pairs - Final,bench,"clean vector clipart of bench, centered, isolated, plain white background, minimal style, bold outline, no text, square composition"
CH:(deleted) Minimal Pairs - Final,catch,"clean vector clipart of catch, centered, isolated, plain white background, minimal style, bold outline, no text, square composition"
CH:(deleted) Minimal Pairs - Final,cat,"clean vector clipart of cat, centered, isolated, plain white background, minimal style, bold outline, no text, square composition"
CH:(deleted) Minimal Pairs - Final,wrench,"clean vector clipart of wrench, centered, isolated, plain white background, minimal style, bold outline, no text, square composition"
CH:(deleted) Minimal Pairs - Final,wren,"clean vector clipart of wren, centered, isolated, plain white background, minimal style, bold outline, no text, square composition"
CH:(deleted) Minimal Pairs - Final,match,"clean vector clipart of match, centered, isolated, plain white background, minimal style, bold outline, no text, square composition"
CH:(deleted) Minimal Pairs - Final,mat,"clean vector clipart of mat, centered, isolated, plain white background, minimal style, bold outline, no text, square composition"
CH:(deleted) Minimal Pairs - Final,hatch,"clean vector clipart of hatch, centered, isolated, plain white background, minimal style, bold outline, no text, square composition"
CH:(deleted) Minimal Pairs - Final,ranch,"clean vector clipart of ranch, centered, isolated, plain white background, minimal style, bold outline, no text, square composition"
CH:(deleted) Minimal Pairs - Final,ran,"clean vector clipart of ran, centered, isolated, plain white background, minimal style, bold outline, no text, square composition"
CH:(deleted) Minimal Pairs - Final,pitch,"clean vector clipart of pitch, centered, isolated, plain white background, minimal style, bold outline, no text, square composition"
D:(deleted) Minimal Pairs - Initial,doll,"clean vector clipart of doll, centered, isolated, plain white background, minimal style, bold outline, no text, square composition"
D:(deleted) Minimal Pairs - Initial,dare,"clean vector clipart of dare, centered, isolated, plain white background, minimal style, bold outline, no text, square composition"
D:(deleted) Minimal Pairs - Initial,dance,"clean vector clipart of dance, centered, isolated, plain white background, minimal style, bold outline, no text, square composition"
D:(deleted) Minimal Pairs - Initial,ants,"clean vector clipart of ants, centered, isolated, plain white background, minimal style, bold outline, no text, square composition"
D:(deleted) Minimal Pairs - Initial,eye,"clean vector clipart of eye, centered, isolated, plain white background, minimal style, bold outline, no text, square composition"
D:(deleted) Minimal Pairs - Initial,deal,"clean vector clipart of deal, centered, isolated, plain white background, minimal style, bold outline, no text, square composition"
D:(deleted) Minimal Pairs - Initial,eel,"clean vector clipart of eel, centered, isolated, plain white background, minimal style, bold outline, no text, square composition"
D:(deleted) Minimal Pairs - Initial,dash,"clean vector clipart of dash, centered, isolated, plain white background, minimal style, bold outline, no text, square composition"
D:(deleted) Minimal Pairs - Initial,ash,"clean vector clipart of ash, centered, isolated, plain white background, minimal style, bold outline, no text, square composition"
D:(deleted) Minimal Pairs - Initial,n,"clean vector clipart of n, centered, isolated, plain white background, minimal style, bold outline, no text, square composition"
D:(deleted) Minimal Pairs - Final,rod,"clean vector clipart of rod, centered, isolated, plain white background, minimal style, bold outline, no text, square composition"
D:(deleted) Minimal Pairs - Final,sod,"clean vector clipart of sod, centered, isolated, plain white background, minimal style, bold outline, no text, square composition"
D:(deleted) Minimal Pairs - Final,load,"clean vector clipart of load, centered, isolated, plain white background, minimal style, bold outline, no text, square composition"
D:(deleted) Minimal Pairs - Final,road,"clean vector clipart of road, centered, isolated, plain white background, minimal style, bold outline, no text, square composition"
D:(deleted) Minimal Pairs - Final,raid,"clean vector clipart of raid, centered, isolated, plain white background, minimal style, bold outline, no text, square composition"
D:(deleted) Minimal Pairs - Final,weed,"clean vector clipart of weed, centered, isolated, plain white background, minimal style, bold outline, no text, square composition"
D:(deleted) Minimal Pairs - Final,whee,"clean vector clipart of whee, centered, isolated, plain white background, minimal style, bold outline, no text, square composition"
D:(deleted) Minimal Pairs - Final,hide,"clean vector clipart of hide, centered, isolated, plain white background, minimal style, bold outline, no text, square composition"
D:(deleted) Minimal Pairs - Final,hi,"clean vector clipart of hi, centered, isolated, plain white background, minimal style, bold outline, no text, square composition"
F:(deleted) Minimal Pairs - Initial,fall,"clean vector clipart of fall, centered, isolated, plain white background, minimal style, bold outline, no text, square composition"
F:(deleted) Minimal Pairs - Initial,eat,"clean vector clipart of eat, centered, isolated, plain white background, minimal style, bold outline, no text, square composition"
F:(deleted) Minimal Pairs - Initial,aisle,"clean vector clipart of aisle, centered, isolated, plain white background, minimal style, bold outline, no text, square composition"
F:(deleted) Minimal Pairs - Initial,urr,"clean vector clipart of urr, centered, isolated, plain white background, minimal style, bold outline, no text, square composition"
G:(deleted) Minimal Pairs - Initial,o,"clean vector clipart of o, centered, isolated, plain white background, minimal style, bold outline, no text, square composition"
G:(deleted) Minimal Pairs - Initial,on,"clean vector clipart of on, centered, isolated, plain white background, minimal style, bold outline, no text, square composition"
G:(deleted) Minimal Pairs - Initial,aim,"clean vector clipart of aim, centered, isolated, plain white background, minimal style, bold outline, no text, square composition"
G:(deleted) Minimal Pairs - Initial,s,"clean vector clipart of s, centered, isolated, plain white background, minimal style, bold outline, no text, square composition"
G:(deleted) Minimal Pairs - Initial,eight,"clean vector clipart of eight, centered, isolated, plain white background, minimal style, bold outline, no text, square composition"
G:(deleted) Minimal Pairs - Initial,goof,"clean vector clipart of goof, centered, isolated, plain white background, minimal style, bold outline, no text, square composition"
G:(deleted) Minimal Pairs - Initial,oof,"clean vector clipart of oof, centered, isolated, plain white background, minimal style, bold outline, no text, square composition"
G:(deleted) Minimal Pairs - Final,huh,"clean vector clipart of huh, centered, isolated, plain white background, minimal style, bold outline, no text, square composition"
G:(deleted) Minimal Pairs - Final,law,"clean vector clipart of law, centered, isolated, plain white background, minimal style, bold outline, no text, square composition"
G:(deleted) Minimal Pairs - Final,cog,"clean vector clipart of cog, centered, isolated, plain white background, minimal style, bold outline, no text, square composition"
G:(deleted) Minimal Pairs - Final,duh,"clean vector clipart of duh, centered, isolated, plain white background, minimal style, bold outline, no text, square composition"
G:(deleted) Minimal Pairs - Final,hog,"clean vector clipart of hog, centered, isolated, plain white background, minimal style, bold outline, no text, square composition"
G:(deleted) Minimal Pairs - Final,ha,"clean vector clipart of ha, centered, isolated, plain white background, minimal style, bold outline, no text, square composition"
G:(deleted) Minimal Pairs - Final,wah,"clean vector clipart of wah, centered, isolated, plain white background, minimal style, bold outline, no text, square composition"
G:(deleted) Minimal Pairs - Final,ugh,"clean vector clipart of ugh, centered, isolated, plain white background, minimal style, bold outline, no text, square composition"
H:(deleted) Minimal Pairs - Initial H,he,"clean vector clipart of he, centered, isolated, plain white background, minimal style, bold outline, no text, square composition"
H:(deleted) Minimal Pairs - Initial H,hem,"clean vector clipart of hem, centered, isolated, plain white background, minimal style, bold outline, no text, square composition"
H:(deleted) Minimal Pairs - Initial H,m,"clean vector clipart of m, centered, isolated, plain white background, minimal style, bold outline, no text, square composition"
H:(deleted) Minimal Pairs - Initial H,hill,"clean vector clipart of hill, centered, isolated, plain white background, minimal style, bold outline, no text, square composition"
H:(deleted) Minimal Pairs - Initial H,it,"clean vector clipart of it, centered, isolated, plain white background, minimal style, bold outline, no text, square composition"
H:(deleted) Minimal Pairs - Initial H,howl,"clean vector clipart of howl, centered, isolated, plain white background, minimal style, bold outline, no text, square composition"
H:(deleted) Minimal Pairs - Initial H,high,"clean vector clipart of high, centered, isolated, plain white background, minimal style, bold outline, no text, square composition"
H:(deleted) Minimal Pairs - Initial H,i,"clean vector clipart of i, centered, isolated, plain white background, minimal style, bold outline, no text, square composition"
H:(deleted) Minimal Pairs - Initial H,heart,"clean vector clipart of heart, centered, isolated, plain white background, minimal style, bold outline, no text, square composition"
H:(deleted) Minimal Pairs - Initial H,art,"clean vector clipart of art, centered, isolated, plain white background, minimal style, bold outline, no text, square composition"
J:(deleted) Minimal Pairs - Initial J,gem,"clean vector clipart of gem, centered, isolated, plain white background, minimal style, bold outline, no text, square composition"
J:(deleted) Minimal Pairs - Initial J,gel,"clean vector clipart of gel, centered, isolated, plain white background, minimal style, bold outline, no text, square composition"
J:(deleted) Minimal Pairs - Initial J,eep,"clean vector clipart of eep, centered, isolated, plain white background, minimal style, bold outline, no text, square composition"
J:(deleted) Minimal Pairs - Initial J,ale,"clean vector clipart of ale, centered, isolated, plain white background, minimal style, bold outline, no text, square composition"
J:(deleted) Minimal Pairs - Initial J,jill,"clean vector clipart of jill, centered, isolated, plain white background, minimal style, bold outline, no text, square composition"
J:(deleted) Minimal Pairs - Initial J,jazz,"clean vector clipart of jazz, centered, isolated, plain white background, minimal style, bold outline, no text, square composition"
J:(deleted) Minimal Pairs - Initial J,as,"clean vector clipart of as, centered, isolated, plain white background, minimal style, bold outline, no text, square composition"
J:(deleted) Minimal Pairs - Initial J,jowl,"clean vector clipart of jowl, centered, isolated, plain white background, minimal style, bold outline, no text, square composition"
J:(deleted) Minimal Pairs - Final J,nudge,"clean vector clipart of nudge, centered, isolated, plain white background, minimal style, bold outline, no text, square composition"
J:(deleted) Minimal Pairs - Final J,nah,"clean vector clipart of nah, centered, isolated, plain white background, minimal style, bold outline, no text, square composition"
J:(deleted) Minimal Pairs - Final J,eh,"clean vector clipart of eh, centered, isolated, plain white background, minimal style, bold outline, no text, square composition"
J:(deleted) Minimal Pairs - Final J,fudge,"clean vector clipart of fudge, centered, isolated, plain white background, minimal style, bold outline, no text, square composition"
J:(deleted) Minimal Pairs - Final J,dodge,"clean vector clipart of dodge, centered, isolated, plain white background, minimal style, bold outline, no text, square composition"
J:(deleted) Minimal Pairs - Final J,cage,"clean vector clipart of cage, centered, isolated, plain white background, minimal style, bold outline, no text, square composition"
K:(deleted) Minimal Pairs - Initial K,ah,"clean vector clipart of ah, centered, isolated, plain white background, minimal style, bold outline, no text, square composition"
K:(deleted) Minimal Pairs - Final K,b,"clean vector clipart of b, centered, isolated, plain white background, minimal style, bold outline, no text, square composition"
K:(deleted) Minimal Pairs - Final K,leak,"clean vector clipart of leak, centered, isolated, plain white background, minimal style, bold outline, no text, square composition"
K:(deleted) Minimal Pairs - Final K,mike,"clean vector clipart of mike, centered, isolated, plain white background, minimal style, bold outline, no text, square composition"
K:(deleted) Minimal Pairs - Final K,my,"clean vector clipart of my, centered, isolated, plain white background, minimal style, bold outline, no text, square composition"
L:(deleted) Minimal Pairs - Initial,adder,"clean vector clipart of adder, centered, isolated, plain white background, minimal style, bold outline, no text, square composition"
L:(deleted) Minimal Pairs - Initial,liz,"clean vector clipart of liz, centered, isolated, plain white background, minimal style, bold outline, no text, square composition"
L:(deleted) Minimal Pairs - Initial,is,"clean vector clipart of is, centered, isolated, plain white background, minimal style, bold outline, no text, square composition"
L:(deleted) Minimal Pairs - Initial,ooz,"clean vector clipart of ooz, centered, isolated, plain white background, minimal style, bold outline, no text, square composition"
L:(deleted) Minimal Pairs - Initial,and,"clean vector clipart of and, centered, isolated, plain white background, minimal style, bold outline, no text, square composition"
L:(deleted) Minimal Pairs - Initial,ate,"clean vector clipart of ate, centered, isolated, plain white background, minimal style, bold outline, no text, square composition"
L:(deleted) Minimal Pairs - Final,j,"clean vector clipart of j, centered, isolated, plain white background, minimal style, bold outline, no text, square composition"
L:(deleted) Minimal Pairs - Final,way,"clean vector clipart of way, centered, isolated, plain white background, minimal style, bold outline, no text, square composition"
L:(deleted) Minimal Pairs - Final,pile,"clean vector clipart of pile, centered, isolated, plain white background, minimal style, bold outline, no text, square composition"
L:(deleted) Minimal Pairs - Final,hole,"clean vector clipart of hole, centered, isolated, plain white background, minimal style, bold outline, no text, square composition"
L:(deleted) Minimal Pairs - Final,hoe,"clean vector clipart of hoe, centered, isolated, plain white background, minimal style, bold outline, no text, square composition"
M:(deleted) Minimal Pairs - Initial,map,"clean vector clipart of map, centered, isolated, plain white background, minimal style, bold outline, no text, square composition"
M:(deleted) Minimal Pairs - Initial,man,"clean vector clipart of man, centered, isolated, plain white background, minimal style, bold outline, no text, square composition"
M:(deleted) Minimal Pairs - Initial,me,"clean vector clipart of me, centered, isolated, plain white background, minimal style, bold outline, no text, square composition"
M:(deleted) Minimal Pairs - Initial,mote,"clean vector clipart of mote, centered, isolated, plain white background, minimal style, bold outline, no text, square composition"
M:(deleted) Minimal Pairs - Initial,mill,"clean vector clipart of mill, centered, isolated, plain white background, minimal style, bold outline, no text, square composition"
M:(deleted) Minimal Pairs - Final,team,"clean vector clipart of team, centered, isolated, plain white background, minimal style, bold outline, no text, square composition"
M:(deleted) Minimal Pairs - Final,home,"clean vector clipart of home, centered, isolated, plain white background, minimal style, bold outline, no text, square composition"
M:(deleted) Minimal Pairs - Final,same,"clean vector clipart of same, centered, isolated, plain white background, minimal style, bold outline, no text, square composition"
M:(deleted) Minimal Pairs - Final,name,"clean vector clipart of name, centered, isolated, plain white background, minimal style, bold outline, no text, square composition"
M:(deleted) Minimal Pairs - Final,neigh,"clean vector clipart of neigh, centered, isolated, plain white background, minimal style, bold outline, no text, square composition"
M:(deleted) Minimal Pairs - Final,bam,"clean vector clipart of bam, centered, isolated, plain white background, minimal style, bold outline, no text, square composition"
M:(deleted) Minimal Pairs - Final,calm,"clean vector clipart of calm, centered, isolated, plain white background, minimal style, bold outline, no text, square composition"
M:(deleted) Minimal Pairs - Final,die,"clean vector clipart of die, centered, isolated, plain white background, minimal style, bold outline, no text, square composition"
M:(deleted) Minimal Pairs - Final,came,"clean vector clipart of came, centered, isolated, plain white background, minimal style, bold outline, no text, square composition"
N:(deleted) Minimal Pairs - Initial,kneel,"clean vector clipart of kneel, centered, isolated, plain white background, minimal style, bold outline, no text, square composition"
N:(deleted) Minimal Pairs - Initial,knee,"clean vector clipart of knee, centered, isolated, plain white background, minimal style, bold outline, no text, square composition"
N:(deleted) Minimal Pairs - Initial,note,"clean vector clipart of note, centered, isolated, plain white background, minimal style, bold outline, no text, square composition"
N:(deleted) Minimal Pairs - Initial,neat,"clean vector clipart of neat, centered, isolated, plain white background, minimal style, bold outline, no text, square composition"
N:(deleted) Minimal Pairs - Initial,gnat,"clean vector clipart of gnat, centered, isolated, plain white background, minimal style, bold outline, no text, square composition"
N:(deleted) Minimal Pairs - Initial,nate,"clean vector clipart of nate, centered, isolated, plain white background, minimal style, bold outline, no text, square composition"
N:(deleted) Minimal Pairs - Final,tone,"clean vector clipart of tone, centered, isolated, plain white background, minimal style, bold outline, no text, square composition"
N:(deleted) Minimal Pairs - Final,line,"clean vector clipart of line, centered, isolated, plain white background, minimal style, bold outline, no text, square composition"
N:(deleted) Minimal Pairs - Final,lane,"clean vector clipart of lane, centered, isolated, plain white background, minimal style, bold outline, no text, square composition"
N:(deleted) Minimal Pairs - Final,lay,"clean vector clipart of lay, centered, isolated, plain white background, minimal style, bold outline, no text, square composition"
N:(deleted) Minimal Pairs - Final,bean,"clean vector clipart of bean, centered, isolated, plain white background, minimal style, bold outline, no text, square composition"
N:(deleted) Minimal Pairs - Final,mean,"clean vector clipart of mean, centered, isolated, plain white background, minimal style, bold outline, no text, square composition"
N:(deleted) Minimal Pairs - Final,mane,"clean vector clipart of mane, centered, isolated, plain white background, minimal style, bold outline, no text, square composition"
N:(deleted) Minimal Pairs - Final,may,"clean vector clipart of may, centered, isolated, plain white background, minimal style, bold outline, no text, square composition"
NG:(deleted) Minimal Pairs - Final,bouncing,"clean vector clipart of bouncing, centered, isolated, plain white background, minimal style, bold outline, no text, square composition"
NG:(deleted) Minimal Pairs - Final,bouncy,"clean vector clipart of bouncy, centered, isolated, plain white background, minimal style, bold outline, no text, square composition"
NG:(deleted) Minimal Pairs - Final,raining,"clean vector clipart of raining, centered, isolated, plain white background, minimal style, bold outline, no text, square composition"
NG:(deleted) Minimal Pairs - Final,rainy,"clean vector clipart of rainy, centered, isolated, plain white background, minimal style, bold outline, no text, square composition"
NG:(deleted) Minimal Pairs - Final,shining,"clean vector clipart of shining, centered, isolated, plain white background, minimal style, bold outline, no text, square composition"
NG:(deleted) Minimal Pairs - Final,shiny,"clean vector clipart of shiny, centered, isolated, plain white background, minimal style, bold outline, no text, square composition"
NG:(deleted) Minimal Pairs - Final,caring,"clean vector clipart of caring, centered, isolated, plain white background, minimal style, bold outline, no text, square composition"
NG:(deleted) Minimal Pairs - Final,running,"clean vector clipart of running, centered, isolated, plain white background, minimal style, bold outline, no text, square composition"
NG:(deleted) Minimal Pairs - Final,runny,"clean vector clipart of runny, centered, isolated, plain white background, minimal style, bold outline, no text, square composition"
NG:(deleted) Minimal Pairs - Final,reading,"clean vector clipart of reading, centered, isolated, plain white background, minimal style, bold outline, no text, square composition"
NG:(deleted) Minimal Pairs - Final,ready,"clean vector clipart of ready, centered, isolated, plain white background, minimal style, bold outline, no text, square composition"
NG:(deleted) Minimal Pairs - Final,sticking,"clean vector clipart of sticking, centered, isolated, plain white background, minimal style, bold outline, no text, square composition"
NG:(deleted) Minimal Pairs - Final,sticky,"clean vector clipart of sticky, centered, isolated, plain white background, minimal style, bold outline, no text, square composition"
NG:(deleted) Minimal Pairs - Final,fishing,"clean vector clipart of fishing, centered, isolated, plain white background, minimal style, bold outline, no text, square composition"
NG:(deleted) Minimal Pairs - Final,fishy,"clean vector clipart of fishy, centered, isolated, plain white background, minimal style, bold outline, no text, square composition"
NG:(deleted) Minimal Pairs - Final,wacking,"clean vector clipart of wacking, centered, isolated, plain white background, minimal style, bold outline, no text, square composition"
NG:(deleted) Minimal Pairs - Final,crunching,"clean vector clipart of crunching, centered, isolated, plain white background, minimal style, bold outline, no text, square composition"
NG:(deleted) Minimal Pairs - Final,crunchy,"clean vector clipart of crunchy, centered, isolated, plain white background, minimal style, bold outline, no text, square composition"
NG:(deleted) Minimal Pairs - Final,sneaking,"clean vector clipart of sneaking, centered, isolated, plain white background, minimal style, bold outline, no text, square composition"
NG:(deleted) Minimal Pairs - Final,sneaky,"clean vector clipart of sneaky, centered, isolated, plain white background, minimal style, bold outline, no text, square composition"
P:(deleted) Minimal Pairs - Initial,pail,"clean vector clipart of pail, centered, isolated, plain white background, minimal style, bold outline, no text, square composition"
P:(deleted) Minimal Pairs - Initial,peg,"clean vector clipart of peg, centered, isolated, plain white background, minimal style, bold outline, no text, square composition"
P:(deleted) Minimal Pairs - Initial,paw,"clean vector clipart of paw, centered, isolated, plain white background, minimal style, bold outline, no text, square composition"
P:(deleted) Minimal Pairs - Initial,poke,"clean vector clipart of poke, centered, isolated, plain white background, minimal style, bold outline, no text, square composition"
P:(deleted) Minimal Pairs - Initial,oak,"clean vector clipart of oak, centered, isolated, plain white background, minimal style, bold outline, no text, square composition"
P:(deleted) Minimal Pairs - Final,type,"clean vector clipart of type, centered, isolated, plain white background, minimal style, bold outline, no text, square composition"
P:(deleted) Minimal Pairs - Final,carp,"clean vector clipart of carp, centered, isolated, plain white background, minimal style, bold outline, no text, square composition"
P:(deleted) Minimal Pairs - Final,hop,"clean vector clipart of hop, centered, isolated, plain white background, minimal style, bold outline, no text, square composition"
P:(deleted) Minimal Pairs - Final,rye,"clean vector clipart of rye, centered, isolated, plain white background, minimal style, bold outline, no text, square composition"
P:(deleted) Minimal Pairs - Final,y,"clean vector clipart of y, centered, isolated, plain white background, minimal style, bold outline, no text, square composition"
P:(deleted) Minimal Pairs - Final,tarp,"clean vector clipart of tarp, centered, isolated, plain white background, minimal style, bold outline, no text, square composition"
R:(deleted) Minimal Pairs - Initial,roar,"clean vector clipart of roar, centered, isolated, plain white background, minimal style, bold outline, no text, square composition"
R:(deleted) Minimal Pairs - Initial,rose,"clean vector clipart of rose, centered, isolated, plain white background, minimal style, bold outline, no text, square composition"
R:(deleted) Minimal Pairs - Initial,os,"clean vector clipart of os, centered, isolated, plain white background, minimal style, bold outline, no text, square composition"
R:(deleted) Minimal Pairs - Initial,wrote,"clean vector clipart of wrote, centered, isolated, plain white background, minimal style, bold outline, no text, square composition"
R:(deleted) Minimal Pairs - Initial,real,"clean vector clipart of real, centered, isolated, plain white background, minimal style, bold outline, no text, square composition"
R:(deleted) Minimal Pairs - Final,tire,"clean vector clipart of tire, centered, isolated, plain white background, minimal style, bold outline, no text, square composition"
R:(deleted) Minimal Pairs - Final,hay,"clean vector clipart of hay, centered, isolated, plain white background, minimal style, bold outline, no text, square composition"
R:(deleted) Minimal Pairs - Final,care,"clean vector clipart of care, centered, isolated, plain white background, minimal style, bold outline, no text, square composition"
S:(deleted) Minimal Pairs - Initial,aw,"clean vector clipart of aw, centered, isolated, plain white background, minimal style, bold outline, no text, square composition"
S:(deleted) Minimal Pairs - Final,us,"clean vector clipart of us, centered, isolated, plain white background, minimal style, bold outline, no text, square composition"
S:(deleted) Minimal Pairs - Final,house,"clean vector clipart of house, centered, isolated, plain white background, minimal style, bold outline, no text, square composition"
S:(deleted) Minimal Pairs - Final,mice,"clean vector clipart of mice, centered, isolated, plain white background, minimal style, bold outline, no text, square composition"
SH:(deleted) Minimal Pairs - Initial,ail,"clean vector clipart of ail, centered, isolated, plain white background, minimal style, bold outline, no text, square composition"
SH:(deleted) Minimal Pairs - Initial,shape,"clean vector clipart of shape, centered, isolated, plain white background, minimal style, bold outline, no text, square composition"
SH:(deleted) Minimal Pairs - Initial,shoes,"clean vector clipart of shoes, centered, isolated, plain white background, minimal style, bold outline, no text, square composition"
SH:(deleted) Minimal Pairs - Initial,shelf,"clean vector clipart of shelf, centered, isolated, plain white background, minimal style, bold outline, no text, square composition"
SH:(deleted) Minimal Pairs - Initial,elf,"clean vector clipart of elf, centered, isolated, plain white background, minimal style, bold outline, no text, square composition"
SH:(deleted) Minimal Pairs - Initial,shake,"clean vector clipart of shake, centered, isolated, plain white background, minimal style, bold outline, no text, square composition"
SH:(deleted) Minimal Pairs - Initial,ache,"clean vector clipart of ache, centered, isolated, plain white background, minimal style, bold outline, no text, square composition"
SH:(deleted) Minimal Pairs - Final,bash,"clean vector clipart of bash, centered, isolated, plain white background, minimal style, bold outline, no text, square composition"
SH:(deleted) Minimal Pairs - Final,hush,"clean vector clipart of hush, centered, isolated, plain white background, minimal style, bold outline, no text, square composition"
SH:(deleted) Minimal Pairs - Final,josh,"clean vector clipart of josh, centered, isolated, plain white background, minimal style, bold outline, no text, square composition"
SH:(deleted) Minimal Pairs - Final,wash,"clean vector clipart of wash, centered, isolated, plain white background, minimal style, bold outline, no text, square composition"
SH:(deleted) Minimal Pairs - Final,crush,"clean vector clipart of crush, centered, isolated, plain white background, minimal style, bold outline, no text, square composition"
SH:(deleted) Minimal Pairs - Final,cry,"clean vector clipart of cry, centered, isolated, plain white background, minimal style, bold outline, no text, square composition"
T:(deleted) Minimal Pairs - Final,hut,"clean vector clipart of hut, centered, isolated, plain white background, minimal style, bold outline, no text, square composition"
T:(deleted) Minimal Pairs - Final,right,"clean vector clipart of right, centered, isolated, plain white background, minimal style, bold outline, no text, square composition"
T:(deleted) Minimal Pairs - Final,white,"clean vector clipart of white, centered, isolated, plain white background, minimal style, bold outline, no text, square composition"
T:(deleted) Minimal Pairs - Final,knot,"clean vector clipart of knot, centered, isolated, plain white background, minimal style, bold outline, no text, square composition"
T:(deleted) Minimal Pairs - Final,gnaw,"clean vector clipart of gnaw, centered, isolated, plain white background, minimal style, bold outline, no text, square composition"
T:(deleted) Minimal Pairs - Final,rot,"clean vector clipart of rot, centered, isolated, plain white background, minimal style, bold outline, no text, square composition"
TH:(deleted) Minimal Pairs - Initial,think,"clean vector clipart of think, centered, isolated, plain white background, minimal style, bold outline, no text, square composition"
TH:(deleted) Minimal Pairs - Initial,ink,"clean vector clipart of ink, centered, isolated, plain white background, minimal style, bold outline, no text, square composition"
TH:(deleted) Minimal Pairs - Initial,thick,"clean vector clipart of thick, centered, isolated, plain white background, minimal style, bold outline, no text, square composition"
TH:(deleted) Minimal Pairs - Initial,thaw,"clean vector clipart of thaw, centered, isolated, plain white background, minimal style, bold outline, no text, square composition"
TH:(deleted) Minimal Pairs - Initial,thug,"clean vector clipart of thug, centered, isolated, plain white background, minimal style, bold outline, no text, square composition"
TH:(deleted) Minimal Pairs - Initial,thunder,"clean vector clipart of thunder, centered, isolated, plain white background, minimal style, bold outline, no text, square composition"
TH:(deleted) Minimal Pairs - Initial,under,"clean vector clipart of under, centered, isolated, plain white background, minimal style, bold outline, no text, square composition"
TH:(deleted) Minimal Pairs - Initial,throat,"clean vector clipart of throat, centered, isolated, plain white background, minimal style, bold outline, no text, square composition"
TH:(deleted) Minimal Pairs - Initial,theater,"clean vector clipart of theater, centered, isolated, plain white background, minimal style, bold outline, no text, square composition"
TH:(deleted) Minimal Pairs - Initial,eater,"clean vector clipart of eater, centered, isolated, plain white background, minimal style, bold outline, no text, square composition"
TH:(deleted) Minimal Pairs - Final,both,"clean vector clipart of both, centered, isolated, plain white background, minimal style, bold outline, no text, square composition"
TH:(deleted) Minimal Pairs - Final,cloth,"clean vector clipart of cloth, centered, isolated, plain white background, minimal style, bold outline, no text, square composition"
TH:(deleted) Minimal Pairs - Final,sloth,"clean vector clipart of sloth, centered, isolated, plain white background, minimal style, bold outline, no text, square composition"
TH:(deleted) Minimal Pairs - Final,slaw,"clean vector clipart of slaw, centered, isolated, plain white background, minimal style, bold outline, no text, square composition"
TH:(deleted) Minimal Pairs - Final,wealth,"clean vector clipart of wealth, centered, isolated, plain white background, minimal style, bold outline, no text, square composition"
TH:(deleted) Minimal Pairs - Final,keith,"clean vector clipart of keith, centered, isolated, plain white background, minimal style, bold outline, no text, square composition"
TH:(deleted) Minimal Pairs - Final,booth,"clean vector clipart of booth, centered, isolated, plain white background, minimal style, bold outline, no text, square composition"
TH:(deleted) Minimal Pairs - Final,fourth,"clean vector clipart of fourth, centered, isolated, plain white background, minimal style, bold outline, no text, square composition"
V:(deleted) Minimal Pairs - Initial,valley,"clean vector clipart of valley, centered, isolated, plain white background, minimal style, bold outline, no text, square composition"
V:(deleted) Minimal Pairs - Initial,allie,"clean vector clipart of allie, centered, isolated, plain white background, minimal style, bold outline, no text, square composition"
V:(deleted) Minimal Pairs - Initial,volley,"clean vector clipart of volley, centered, isolated, plain white background, minimal style, bold outline, no text, square composition"
V:(deleted) Minimal Pairs - Initial,ollie,"clean vector clipart of ollie, centered, isolated, plain white background, minimal style, bold outline, no text, square composition"
V:(deleted) Minimal Pairs - Final,dive,"clean vector clipart of dive, centered, isolated, plain white background, minimal style, bold outline, no text, square composition"
V:(deleted) Minimal Pairs - Final,moo,"clean vector clipart of moo, centered, isolated, plain white background, minimal style, bold outline, no text, square composition"
V:(deleted) Minimal Pairs - Final,gray,"clean vector clipart of gray, centered, isolated, plain white background, minimal style, bold outline, no text, square composition"
V:(deleted) Minimal Pairs - Final,dave,"clean vector clipart of dave, centered, isolated, plain white background, minimal style, bold outline, no text, square composition"
V:(deleted) Minimal Pairs - Final,alive,"clean vector clipart of alive, centered, isolated, plain white background, minimal style, bold outline, no text, square composition"
V:(deleted) Minimal Pairs - Final,a lie,"clean vector clipart of a lie, centered, isolated, plain white background, minimal style, bold outline, no text, square composition"
V:(deleted) Minimal Pairs - Final,stow,"clean vector clipart of stow, centered, isolated, plain white background, minimal style, bold outline, no text, square composition"
W:(deleted) Minimal Pairs - Initial,wheel,"clean vector clipart of wheel, centered, isolated, plain white background, minimal style, bold outline, no text, square composition"
W:(deleted) Minimal Pairs - Initial,wall,"clean vector clipart of wall, centered, isolated, plain white background, minimal style, bold outline, no text, square composition"
W:(deleted) Minimal Pairs - Initial,wheat,"clean vector clipart of wheat, centered, isolated, plain white background, minimal style, bold outline, no text, square composition"
W:(deleted) Minimal Pairs - Initial,wise,"clean vector clipart of wise, centered, isolated, plain white background, minimal style, bold outline, no text, square composition"
W:(deleted) Minimal Pairs - Initial,war,"clean vector clipart of war, centered, isolated, plain white background, minimal style, bold outline, no text, square composition"
W:(deleted) Minimal Pairs - Initial,wear,"clean vector clipart of wear, centered, isolated, plain white background, minimal style, bold outline, no text, square composition"
W:(deleted) Minimal Pairs - Initial,woke,"clean vector clipart of woke, centered, isolated, plain white background, minimal style, bold outline, no text, square composition"
Y:(deleted) Minimal Pairs - Initial,yolk,"clean vector clipart of yolk, centered, isolated, plain white background, minimal style, bold outline, no text, square composition"
Y:(deleted) Minimal Pairs - Initial,year,"clean vector clipart of year, centered, isolated, plain white background, minimal style, bold outline, no text, square composition"
Y:(deleted) Minimal Pairs - Initial,yell,"clean vector clipart of yell, centered, isolated, plain white background, minimal style, bold outline, no text, square composition"
Y:(deleted) Minimal Pairs - Initial,your,"clean vector clipart of your, centered, isolated, plain white background, minimal style, bold outline, no text, square composition"
Y:(deleted) Minimal Pairs - Initial,yum,"clean vector clipart of yum, centered, isolated, plain white background, minimal style, bold outline, no text, square composition"
Y:(deleted) Minimal Pairs - Initial,yeast,"clean vector clipart of yeast, centered, isolated, plain white background, minimal style, bold outline, no text, square composition"
Y:(deleted) Minimal Pairs - Initial,east,"clean vector clipart of east, centered, isolated, plain white background, minimal style, bold outline, no text, square composition"
Y:(deleted) Minimal Pairs - Initial,am,"clean vector clipart of am, centered, isolated, plain white background, minimal style, bold outline, no text, square composition"
Z:(deleted) Minimal Pairs - Initial,zit,"clean vector clipart of zit, centered, isolated, plain white background, minimal style, bold outline, no text, square composition"
Z:(deleted) Minimal Pairs - Initial,zen,"clean vector clipart of zen, centered, isolated, plain white background, minimal style, bold outline, no text, square composition"
Z:(deleted) Minimal Pairs - Initial,ooh,"clean vector clipart of ooh, centered, isolated, plain white background, minimal style, bold outline, no text, square composition"
Z:(deleted) Minimal Pairs - Initial,zeke,"clean vector clipart of zeke, centered, isolated, plain white background, minimal style, bold outline, no text, square composition"
Z:(deleted) Minimal Pairs - Initial,zone,"clean vector clipart of zone, centered, isolated, plain white background, minimal style, bold outline, no text, square composition"
Z:(deleted) Minimal Pairs - Initial,zany,"clean vector clipart of zany, centered, isolated, plain white background, minimal style, bold outline, no text, square composition"
Z:(deleted) Minimal Pairs - Initial,amy,"clean vector clipart of amy, centered, isolated, plain white background, minimal style, bold outline, no text, square composition"
Z:(deleted) Minimal Pairs - Initial,zack,"clean vector clipart of zack, centered, isolated, plain white background, minimal style, bold outline, no text, square composition"
Z:(deleted) Minimal Pairs - Initial,zest,"clean vector clipart of zest, centered, isolated, plain white background, minimal style, bold outline, no text, square composition"
Z:(deleted) Minimal Pairs - Final,size,"clean vector clipart of size, centered, isolated, plain white background, minimal style, bold outline, no text, square composition"
Z:(deleted) Minimal Pairs - Final,tease,"clean vector clipart of tease, centered, isolated, plain white background, minimal style, bold outline, no text, square composition"
Z:(deleted) Minimal Pairs - Final,beds,"clean vector clipart of beds, centered, isolated, plain white background, minimal style, bold outline, no text, square composition"
Z:(deleted) Minimal Pairs - Final,nose,"clean vector clipart of nose, centered, isolated, plain white background, minimal style, bold outline, no text, square composition"
T:K Minimal Pairs - Medial,matter,"clean vector clipart of matter, centered, isolated, plain white background, minimal style, bold outline, no text, square composition"
T:K Minimal Pairs - Final,short,"clean vector clipart of short, centered, isolated, plain white background, minimal style, bold outline, no text, square composition"
G:D Minimal Pairs - Initial,do,"clean vector clipart of do, centered, isolated, plain white background, minimal style, bold outline, no text, square composition"
G:D Minimal Pairs - Medial,lagger,"clean vector clipart of lagger, centered, isolated, plain white background, minimal style, bold outline, no text, square composition"
T:D Minimal Pairs - Medial,kitty,"clean vector clipart of kitty, centered, isolated, plain white background, minimal style, bold outline, no text, square composition"
G:K Minimal Pairs - Medial,hugger,"clean vector clipart of hugger, centered, isolated, plain white background, minimal style, bold outline, no text, square composition"
G:K Minimal Pairs - Medial,raccon,"clean vector clipart of raccon, centered, isolated, plain white background, minimal style, bold outline, no text, square composition"
S:Z Minimal Pairs - Initial,silly,"clean vector clipart of silly, centered, isolated, plain white background, minimal style, bold outline, no text, square composition"
F:P Minimal Pairs - Medial,open,"clean vector clipart of open, centered, isolated, plain white background, minimal style, bold outline, no text, square composition"
F:P Minimal Pairs - Medial,ripple,"clean vector clipart of ripple, centered, isolated, plain white background, minimal style, bold outline, no text, square composition"
S:T Minimal Pairs - Medial,racing,"clean vector clipart of racing, centered, isolated, plain white background, minimal style, bold outline, no text, square composition"
S:T Minimal Pairs - Medial,insect,"clean vector clipart of insect, centered, isolated, plain white background, minimal style, bold outline, no text, square composition"
R:W Minimal Pairs - Medial,soaring,"clean vector clipart of soaring, centered, isolated, plain white background, minimal style, bold outline, no text, square composition"
R:W Minimal Pairs - Medial,gooey,"clean vector clipart of gooey, centered, isolated, plain white background, minimal style, bold outline, no text, square composition"
R:W Minimal Pairs - Medial,snoring,"clean vector clipart of snoring, centered, isolated, plain white background, minimal style, bold outline, no text, square composition"
R:W Minimal Pairs - Medial,snowy,"clean vector clipart of snowy, centered, isolated, plain white background, minimal style, bold outline, no text, square composition"
R:W Minimal Pairs - Medial,flowy,"clean vector clipart of flowy, centered, isolated, plain white background, minimal style, bold outline, no text, square composition"
B:P Minimal Pairs - Final,abb,"clean vector clipart of abb, centered, isolated, plain white background, minimal style, bold outline, no text, square composition"
CH:B Minimal Pairs - Final,nob,"clean vector clipart of nob, centered, isolated, plain white background, minimal style, bold outline, no text, square composition"
CH:D Minimal Pairs - Initial,ds,"clean vector clipart of ds, centered, isolated, plain white background, minimal style, bold outline, no text, square composition"
CH:D Minimal Pairs - Initial,dew,"clean vector clipart of dew, centered, isolated, plain white background, minimal style, bold outline, no text, square composition"
CH:D Minimal Pairs - Initial,chip,"clean vector clipart of chip, centered, isolated, plain white background, minimal style, bold outline, no text, square composition"
CH:D Minimal Pairs - Initial,check,"clean vector clipart of check, centered, isolated, plain white background, minimal style, bold outline, no text, square composition"
CH:D Minimal Pairs - Initial,deck,"clean vector clipart of deck, centered, isolated, plain white background, minimal style, bold outline, no text, square composition"
CH:D Minimal Pairs - Initial,dairy,"clean vector clipart of dairy, centered, isolated, plain white background, minimal style, bold outline, no text, square composition"
CH:D Minimal Pairs - Medial,candy,"clean vector clipart of candy, centered, isolated, plain white background, minimal style, bold outline, no text, square composition"
CH:D Minimal Pairs - Medial,crutches,"clean vector clipart of crutches, centered, isolated, plain white background, minimal style, bold outline, no text, square composition"
CH:D Minimal Pairs - Medial,pitcher,"clean vector clipart of pitcher, centered, isolated, plain white background, minimal style, bold outline, no text, square composition"
CH:D Minimal Pairs - Medial,satchel,"clean vector clipart of satchel, centered, isolated, plain white background, minimal style, bold outline, no text, square composition"
CH:D Minimal Pairs - Medial,sandal,"clean vector clipart of sandal, centered, isolated, plain white background, minimal style, bold outline, no text, square composition"
CH:D Minimal Pairs - Medial,marching,"clean vector clipart of marching, centered, isolated, plain white background, minimal style, bold outline, no text, square composition"
CH:D Minimal Pairs - Medial,beach ball,"clean vector clipart of beach ball, centered, isolated, plain white background, minimal style, bold outline, no text, square composition"
CH:D Minimal Pairs - Medial,beading,"clean vector clipart of beading, centered, isolated, plain white background, minimal style, bold outline, no text, square composition"
CH:D Minimal Pairs - Medial,cloudy,"clean vector clipart of cloudy, centered, isolated, plain white background, minimal style, bold outline, no text, square composition"
CH:D Minimal Pairs - Medial,pinching,"clean vector clipart of pinching, centered, isolated, plain white background, minimal style, bold outline, no text, square composition"
CH:D Minimal Pairs - Medial,witch hat,"clean vector clipart of witch hat, centered, isolated, plain white background, minimal style, bold outline, no text, square composition"
CH:D Minimal Pairs - Medial,window,"clean vector clipart of window, centered, isolated, plain white background, minimal style, bold outline, no text, square composition"
CH:D Minimal Pairs - Medial,launcher,"clean vector clipart of launcher, centered, isolated, plain white background, minimal style, bold outline, no text, square composition"
CH:D Minimal Pairs - Medial,tadpole,"clean vector clipart of tadpole, centered, isolated, plain white background, minimal style, bold outline, no text, square composition"
CH:D Minimal Pairs - Final,nod,"clean vector clipart of nod, centered, isolated, plain white background, minimal style, bold outline, no text, square composition"
CH:D Minimal Pairs - Final,sud,"clean vector clipart of sud, centered, isolated, plain white background, minimal style, bold outline, no text, square composition"
CH:D Minimal Pairs - Final,batch,"clean vector clipart of batch, centered, isolated, plain white background, minimal style, bold outline, no text, square composition"
CH:D Minimal Pairs - Final,leech,"clean vector clipart of leech, centered, isolated, plain white background, minimal style, bold outline, no text, square composition"
CH:D Minimal Pairs - Final,torch,"clean vector clipart of torch, centered, isolated, plain white background, minimal style, bold outline, no text, square composition"
CH:D Minimal Pairs - Final,pinned,"clean vector clipart of pinned, centered, isolated, plain white background, minimal style, bold outline, no text, square composition"
CH:G Minimal Pairs - Initial,chain,"clean vector clipart of chain, centered, isolated, plain white background, minimal style, bold outline, no text, square composition"
CH:G Minimal Pairs - Initial,char,"clean vector clipart of char, centered, isolated, plain white background, minimal style, bold outline, no text, square composition"
CH:G Minimal Pairs - Initial,geek,"clean vector clipart of geek, centered, isolated, plain white background, minimal style, bold outline, no text, square composition"
CH:G Minimal Pairs - Initial,chap,"clean vector clipart of chap, centered, isolated, plain white background, minimal style, bold outline, no text, square composition"
CH:G Minimal Pairs - Initial,gawk,"clean vector clipart of gawk, centered, isolated, plain white background, minimal style, bold outline, no text, square composition"
CH:G Minimal Pairs - Initial,chilled,"clean vector clipart of chilled, centered, isolated, plain white background, minimal style, bold outline, no text, square composition"
CH:G Minimal Pairs - Initial,gild,"clean vector clipart of gild, centered, isolated, plain white background, minimal style, bold outline, no text, square composition"
CH:G Minimal Pairs - Medial,watching,"clean vector clipart of watching, centered, isolated, plain white background, minimal style, bold outline, no text, square composition"
CH:G Minimal Pairs - Medial,duchess,"clean vector clipart of duchess, centered, isolated, plain white background, minimal style, bold outline, no text, square composition"
CH:G Minimal Pairs - Medial,ditching,"clean vector clipart of ditching, centered, isolated, plain white background, minimal style, bold outline, no text, square composition"
CH:G Minimal Pairs - Medial,digging,"clean vector clipart of digging, centered, isolated, plain white background, minimal style, bold outline, no text, square composition"
CH:G Minimal Pairs - Medial,hitching,"clean vector clipart of hitching, centered, isolated, plain white background, minimal style, bold outline, no text, square composition"
CH:G Minimal Pairs - Medial,witchy,"clean vector clipart of witchy, centered, isolated, plain white background, minimal style, bold outline, no text, square composition"
CH:G Minimal Pairs - Medial,beagle,"clean vector clipart of beagle, centered, isolated, plain white background, minimal style, bold outline, no text, square composition"
CH:G Minimal Pairs - Medial,maggie,"clean vector clipart of maggie, centered, isolated, plain white background, minimal style, bold outline, no text, square composition"
CH:G Minimal Pairs - Medial,nachos,"clean vector clipart of nachos, centered, isolated, plain white background, minimal style, bold outline, no text, square composition"
CH:G Minimal Pairs - Medial,noggin,"clean vector clipart of noggin, centered, isolated, plain white background, minimal style, bold outline, no text, square composition"
CH:G Minimal Pairs - Final,lunch,"clean vector clipart of lunch, centered, isolated, plain white background, minimal style, bold outline, no text, square composition"
CH:G Minimal Pairs - Final,ditch,"clean vector clipart of ditch, centered, isolated, plain white background, minimal style, bold outline, no text, square composition"
CH:G Minimal Pairs - Final,tug,"clean vector clipart of tug, centered, isolated, plain white background, minimal style, bold outline, no text, square composition"
CH:G Minimal Pairs - Final,launch,"clean vector clipart of launch, centered, isolated, plain white background, minimal style, bold outline, no text, square composition"
CH:G Minimal Pairs - Final,league,"clean vector clipart of league, centered, isolated, plain white background, minimal style, bold outline, no text, square composition"
CH:K Minimal Pairs - Initial,chat,"clean vector clipart of chat, centered, isolated, plain white background, minimal style, bold outline, no text, square composition"
CH:K Minimal Pairs - Initial,chop,"clean vector clipart of chop, centered, isolated, plain white background, minimal style, bold outline, no text, square composition"
CH:K Minimal Pairs - Initial,keys,"clean vector clipart of keys, centered, isolated, plain white background, minimal style, bold outline, no text, square composition"
CH:K Minimal Pairs - Medial,watcher,"clean vector clipart of watcher, centered, isolated, plain white background, minimal style, bold outline, no text, square composition"
CH:K Minimal Pairs - Medial,walker,"clean vector clipart of walker, centered, isolated, plain white background, minimal style, bold outline, no text, square composition"
CH:K Minimal Pairs - Medial,picker,"clean vector clipart of picker, centered, isolated, plain white background, minimal style, bold outline, no text, square composition"
CH:K Minimal Pairs - Medial,walking,"clean vector clipart of walking, centered, isolated, plain white background, minimal style, bold outline, no text, square composition"
CH:K Minimal Pairs - Medial,basket,"clean vector clipart of basket, centered, isolated, plain white background, minimal style, bold outline, no text, square composition"
CH:K Minimal Pairs - Medial,marcher,"clean vector clipart of marcher, centered, isolated, plain white background, minimal style, bold outline, no text, square composition"
CH:K Minimal Pairs - Medial,marker,"clean vector clipart of marker, centered, isolated, plain white background, minimal style, bold outline, no text, square composition"
CH:K Minimal Pairs - Medial,wicked,"clean vector clipart of wicked, centered, isolated, plain white background, minimal style, bold outline, no text, square composition"
CH:K Minimal Pairs - Medial,peaches,"clean vector clipart of peaches, centered, isolated, plain white background, minimal style, bold outline, no text, square composition"
CH:K Minimal Pairs - Medial,itchy,"clean vector clipart of itchy, centered, isolated, plain white background, minimal style, bold outline, no text, square composition"
CH:K Minimal Pairs - Medial,icky,"clean vector clipart of icky, centered, isolated, plain white background, minimal style, bold outline, no text, square composition"
CH:K Minimal Pairs - Medial,cracker,"clean vector clipart of cracker, centered, isolated, plain white background, minimal style, bold outline, no text, square composition"
CH:K Minimal Pairs - Final,rick,"clean vector clipart of rick, centered, isolated, plain white background, minimal style, bold outline, no text, square composition"
CH:K Minimal Pairs - Final,peek,"clean vector clipart of peek, centered, isolated, plain white background, minimal style, bold outline, no text, square composition"
CH:K Minimal Pairs - Final,watch,"clean vector clipart of watch, centered, isolated, plain white background, minimal style, bold outline, no text, square composition"
CH:K Minimal Pairs - Final,snatch,"clean vector clipart of snatch, centered, isolated, plain white background, minimal style, bold outline, no text, square composition"
CH:K Minimal Pairs - Final,itch,"clean vector clipart of itch, centered, isolated, plain white background, minimal style, bold outline, no text, square composition"
CH:K Minimal Pairs - Final,pink,"clean vector clipart of pink, centered, isolated, plain white background, minimal style, bold outline, no text, square composition"
CH:SH Minimal Pairs - Initial,ship,"clean vector clipart of ship, centered, isolated, plain white background, minimal style, bold outline, no text, square composition"
CH:SH Minimal Pairs - Initial,shop,"clean vector clipart of shop, centered, isolated, plain white background, minimal style, bold outline, no text, square composition"
CH:SH Minimal Pairs - Initial,shin,"clean vector clipart of shin, centered, isolated, plain white background, minimal style, bold outline, no text, square composition"
CH:SH Minimal Pairs - Initial,shane,"clean vector clipart of shane, centered, isolated, plain white background, minimal style, bold outline, no text, square composition"
CH:SH Minimal Pairs - Initial,shear,"clean vector clipart of shear, centered, isolated, plain white background, minimal style, bold outline, no text, square composition"
CH:SH Minimal Pairs - Initial,sherry,"clean vector clipart of sherry, centered, isolated, plain white background, minimal style, bold outline, no text, square composition"
CH:SH Minimal Pairs - Initial,shoe,"clean vector clipart of shoe, centered, isolated, plain white background, minimal style, bold outline, no text, square composition"
CH:SH Minimal Pairs - Initial,sheep,"clean vector clipart of sheep, centered, isolated, plain white background, minimal style, bold outline, no text, square composition"
CH:SH Minimal Pairs - Initial,she's,"clean vector clipart of she's, centered, isolated, plain white background, minimal style, bold outline, no text, square composition"
CH:SH Minimal Pairs - Medial,washing,"clean vector clipart of washing, centered, isolated, plain white background, minimal style, bold outline, no text, square composition"
CH:SH Minimal Pairs - Medial,marshy,"clean vector clipart of marshy, centered, isolated, plain white background, minimal style, bold outline, no text, square composition"
CH:SH Minimal Pairs - Medial,wishes,"clean vector clipart of wishes, centered, isolated, plain white background, minimal style, bold outline, no text, square composition"
CH:SH Minimal Pairs - Medial,crushes,"clean vector clipart of crushes, centered, isolated, plain white background, minimal style, bold outline, no text, square composition"
CH:SH Minimal Pairs - Medial,matching,"clean vector clipart of matching, centered, isolated, plain white background, minimal style, bold outline, no text, square composition"
CH:SH Minimal Pairs - Medial,mashing,"clean vector clipart of mashing, centered, isolated, plain white background, minimal style, bold outline, no text, square composition"
CH:SH Minimal Pairs - Medial,preacher,"clean vector clipart of preacher, centered, isolated, plain white background, minimal style, bold outline, no text, square composition"
CH:SH Minimal Pairs - Medial,pressure,"clean vector clipart of pressure, centered, isolated, plain white background, minimal style, bold outline, no text, square composition"
CH:SH Minimal Pairs - Medial,pushups,"clean vector clipart of pushups, centered, isolated, plain white background, minimal style, bold outline, no text, square composition"
CH:SH Minimal Pairs - Medial,t-shirt,"clean vector clipart of t-shirt, centered, isolated, plain white background, minimal style, bold outline, no text, square composition"
CH:SH Minimal Pairs - Medial,hatch out,"clean vector clipart of hatch out, centered, isolated, plain white background, minimal style, bold outline, no text, square composition"
CH:SH Minimal Pairs - Medial,hashbrown,"clean vector clipart of hashbrown, centered, isolated, plain white background, minimal style, bold outline, no text, square composition"
CH:SH Minimal Pairs - Medial,catcher,"clean vector clipart of catcher, centered, isolated, plain white background, minimal style, bold outline, no text, square composition"
CH:SH Minimal Pairs - Final,hash,"clean vector clipart of hash, centered, isolated, plain white background, minimal style, bold outline, no text, square composition"
CH:SH Minimal Pairs - Final,dish,"clean vector clipart of dish, centered, isolated, plain white background, minimal style, bold outline, no text, square composition"
CH:SH Minimal Pairs - Final,march,"clean vector clipart of march, centered, isolated, plain white background, minimal style, bold outline, no text, square composition"
CH:SH Minimal Pairs - Final,marsh,"clean vector clipart of marsh, centered, isolated, plain white background, minimal style, bold outline, no text, square composition"
CH:SH Minimal Pairs - Final,crutch,"clean vector clipart of crutch, centered, isolated, plain white background, minimal style, bold outline, no text, square composition"
CH:T Minimal Pairs - Initial,tin,"clean vector clipart of tin, centered, isolated, plain white background, minimal style, bold outline, no text, square composition"
CH:T Minimal Pairs - Initial,twos,"clean vector clipart of twos, centered, isolated, plain white background, minimal style, bold outline, no text, square composition"
CH:T Minimal Pairs - Initial,tear.,"clean vector clipart of tear., centered, isolated, plain white background, minimal style, bold outline, no text, square composition"
CH:T Minimal Pairs - Initial,ts,"clean vector clipart of ts, centered, isolated, plain white background, minimal style, bold outline, no text, square composition"
CH:T Minimal Pairs - Medial,richer,"clean vector clipart of richer, centered, isolated, plain white background, minimal style, bold outline, no text, square composition"
CH:T Minimal Pairs - Medial,fritter,"clean vector clipart of fritter, centered, isolated, plain white background, minimal style, bold outline, no text, square composition"
CH:T Minimal Pairs - Medial,teeter,"clean vector clipart of teeter, centered, isolated, plain white background, minimal style, bold outline, no text, square composition"
CH:T Minimal Pairs - Medial,martin,"clean vector clipart of martin, centered, isolated, plain white background, minimal style, bold outline, no text, square composition"
CH:T Minimal Pairs - Medial,butcher,"clean vector clipart of butcher, centered, isolated, plain white background, minimal style, bold outline, no text, square composition"
CH:T Minimal Pairs - Medial,butter,"clean vector clipart of butter, centered, isolated, plain white background, minimal style, bold outline, no text, square composition"
CH:T Minimal Pairs - Medial,nature,"clean vector clipart of nature, centered, isolated, plain white background, minimal style, bold outline, no text, square composition"
CH:T Minimal Pairs - Medial,neater,"clean vector clipart of neater, centered, isolated, plain white background, minimal style, bold outline, no text, square composition"
CH:T Minimal Pairs - Medial,reaching,"clean vector clipart of reaching, centered, isolated, plain white background, minimal style, bold outline, no text, square composition"
CH:T Minimal Pairs - Medial,choking,"clean vector clipart of choking, centered, isolated, plain white background, minimal style, bold outline, no text, square composition"
CH:T Minimal Pairs - Medial,voting,"clean vector clipart of voting, centered, isolated, plain white background, minimal style, bold outline, no text, square composition"
CH:T Minimal Pairs - Medial,a chart,"clean vector clipart of a chart, centered, isolated, plain white background, minimal style, bold outline, no text, square composition"
CH:T Minimal Pairs - Medial,pop tart,"clean vector clipart of pop tart, centered, isolated, plain white background, minimal style, bold outline, no text, square composition"
CH:T Minimal Pairs - Medial,patching,"clean vector clipart of patching, centered, isolated, plain white background, minimal style, bold outline, no text, square composition"
CH:T Minimal Pairs - Medial,patting,"clean vector clipart of patting, centered, isolated, plain white background, minimal style, bold outline, no text, square composition"
CH:T Minimal Pairs - Final,patch,"clean vector clipart of patch, centered, isolated, plain white background, minimal style, bold outline, no text, square composition"
CH:T Minimal Pairs - Final,much,"clean vector clipart of much, centered, isolated, plain white background, minimal style, bold outline, no text, square composition"
CH:T Minimal Pairs - Final,mutt,"clean vector clipart of mutt, centered, isolated, plain white background, minimal style, bold outline, no text, square composition"
CH:T Minimal Pairs - Final,hunch,"clean vector clipart of hunch, centered, isolated, plain white background, minimal style, bold outline, no text, square composition"
CH:T Minimal Pairs - Final,hunt,"clean vector clipart of hunt, centered, isolated, plain white background, minimal style, bold outline, no text, square composition"
CH:T Minimal Pairs - Final,pete,"clean vector clipart of pete, centered, isolated, plain white background, minimal style, bold outline, no text, square composition"
K:J Minimal Pairs - Initial,coon,"clean vector clipart of coon, centered, isolated, plain white background, minimal style, bold outline, no text, square composition"
K:J Minimal Pairs - Initial,kim,"clean vector clipart of kim, centered, isolated, plain white background, minimal style, bold outline, no text, square composition"
K:J Minimal Pairs - Initial,jim,"clean vector clipart of jim, centered, isolated, plain white background, minimal style, bold outline, no text, square composition"
K:J Minimal Pairs - Initial,kelly,"clean vector clipart of kelly, centered, isolated, plain white background, minimal style, bold outline, no text, square composition"
K:J Minimal Pairs - Initial,jelly,"clean vector clipart of jelly, centered, isolated, plain white background, minimal style, bold outline, no text, square composition"
K:J Minimal Pairs - Medial,major,"clean vector clipart of major, centered, isolated, plain white background, minimal style, bold outline, no text, square composition"
K:J Minimal Pairs - Medial,raging,"clean vector clipart of raging, centered, isolated, plain white background, minimal style, bold outline, no text, square composition"
K:J Minimal Pairs - Medial,circus,"clean vector clipart of circus, centered, isolated, plain white background, minimal style, bold outline, no text, square composition"
K:J Minimal Pairs - Medial,docking,"clean vector clipart of docking, centered, isolated, plain white background, minimal style, bold outline, no text, square composition"
K:J Minimal Pairs - Medial,dodging,"clean vector clipart of dodging, centered, isolated, plain white background, minimal style, bold outline, no text, square composition"
K:J Minimal Pairs - Medial,bucking,"clean vector clipart of bucking, centered, isolated, plain white background, minimal style, bold outline, no text, square composition"
K:J Minimal Pairs - Medial,budging,"clean vector clipart of budging, centered, isolated, plain white background, minimal style, bold outline, no text, square composition"
K:J Minimal Pairs - Medial,budget,"clean vector clipart of budget, centered, isolated, plain white background, minimal style, bold outline, no text, square composition"
K:J Minimal Pairs - Medial,bricking,"clean vector clipart of bricking, centered, isolated, plain white background, minimal style, bold outline, no text, square composition"
K:J Minimal Pairs - Medial,bridging,"clean vector clipart of bridging, centered, isolated, plain white background, minimal style, bold outline, no text, square composition"
K:J Minimal Pairs - Medial,ankle,"clean vector clipart of ankle, centered, isolated, plain white background, minimal style, bold outline, no text, square composition"
K:J Minimal Pairs - Medial,dunking,"clean vector clipart of dunking, centered, isolated, plain white background, minimal style, bold outline, no text, square composition"
K:J Minimal Pairs - Medial,dungeon,"clean vector clipart of dungeon, centered, isolated, plain white background, minimal style, bold outline, no text, square composition"
K:J Minimal Pairs - Medial,picking,"clean vector clipart of picking, centered, isolated, plain white background, minimal style, bold outline, no text, square composition"
K:J Minimal Pairs - Medial,spunky,"clean vector clipart of spunky, centered, isolated, plain white background, minimal style, bold outline, no text, square composition"
K:J Minimal Pairs - Medial,spongy,"clean vector clipart of spongy, centered, isolated, plain white background, minimal style, bold outline, no text, square composition"
K:J Minimal Pairs - Final,brick,"clean vector clipart of brick, centered, isolated, plain white background, minimal style, bold outline, no text, square composition"
K:J Minimal Pairs - Final,spunk,"clean vector clipart of spunk, centered, isolated, plain white background, minimal style, bold outline, no text, square composition"
K:J Minimal Pairs - Final,sponge,"clean vector clipart of sponge, centered, isolated, plain white background, minimal style, bold outline, no text, square composition"
K:J Minimal Pairs - Final,rage,"clean vector clipart of rage, centered, isolated, plain white background, minimal style, bold outline, no text, square composition"
K:J Minimal Pairs - Final,raj,"clean vector clipart of raj, centered, isolated, plain white background, minimal style, bold outline, no text, square composition"
K:J Minimal Pairs - Final,lark,"clean vector clipart of lark, centered, isolated, plain white background, minimal style, bold outline, no text, square composition"
B:J Minimal Pairs - Initial,jack,"clean vector clipart of jack, centered, isolated, plain white background, minimal style, bold outline, no text, square composition"
B:J Minimal Pairs - Initial,bog,"clean vector clipart of bog, centered, isolated, plain white background, minimal style, bold outline, no text, square composition"
B:J Minimal Pairs - Initial,belly,"clean vector clipart of belly, centered, isolated, plain white background, minimal style, bold outline, no text, square composition"
B:J Minimal Pairs - Initial,jake,"clean vector clipart of jake, centered, isolated, plain white background, minimal style, bold outline, no text, square composition"
B:J Minimal Pairs - Initial,bump,"clean vector clipart of bump, centered, isolated, plain white background, minimal style, bold outline, no text, square composition"
B:J Minimal Pairs - Initial,beans,"clean vector clipart of beans, centered, isolated, plain white background, minimal style, bold outline, no text, square composition"
B:J Minimal Pairs - Initial,jeans,"clean vector clipart of jeans, centered, isolated, plain white background, minimal style, bold outline, no text, square composition"
B:J Minimal Pairs - Initial,boy,"clean vector clipart of boy, centered, isolated, plain white background, minimal style, bold outline, no text, square composition"
B:J Minimal Pairs - Initial,joy,"clean vector clipart of joy, centered, isolated, plain white background, minimal style, bold outline, no text, square composition"
B:J Minimal Pairs - Medial,ribbons,"clean vector clipart of ribbons, centered, isolated, plain white background, minimal style, bold outline, no text, square composition"
B:J Minimal Pairs - Medial,ridges,"clean vector clipart of ridges, centered, isolated, plain white background, minimal style, bold outline, no text, square composition"
B:J Minimal Pairs - Medial,about,"clean vector clipart of about, centered, isolated, plain white background, minimal style, bold outline, no text, square composition"
B:J Minimal Pairs - Medial,a bar,"clean vector clipart of a bar, centered, isolated, plain white background, minimal style, bold outline, no text, square composition"
B:J Minimal Pairs - Medial,fibber,"clean vector clipart of fibber, centered, isolated, plain white background, minimal style, bold outline, no text, square composition"
B:J Minimal Pairs - Medial,fidget,"clean vector clipart of fidget, centered, isolated, plain white background, minimal style, bold outline, no text, square composition"
B:J Minimal Pairs - Medial,hedgehog,"clean vector clipart of hedgehog, centered, isolated, plain white background, minimal style, bold outline, no text, square composition"
B:J Minimal Pairs - Medial,able,"clean vector clipart of able, centered, isolated, plain white background, minimal style, bold outline, no text, square composition"
B:J Minimal Pairs - Medial,marble,"clean vector clipart of marble, centered, isolated, plain white background, minimal style, bold outline, no text, square composition"
B:J Minimal Pairs - Medial,margie,"clean vector clipart of margie, centered, isolated, plain white background, minimal style, bold outline, no text, square composition"
B:J Minimal Pairs - Medial,gabby,"clean vector clipart of gabby, centered, isolated, plain white background, minimal style, bold outline, no text, square composition"
B:J Minimal Pairs - Medial,gadget,"clean vector clipart of gadget, centered, isolated, plain white background, minimal style, bold outline, no text, square composition"
B:J Minimal Pairs - Medial,double,"clean vector clipart of double, centered, isolated, plain white background, minimal style, bold outline, no text, square composition"
B:J Minimal Pairs - Final,bib,"clean vector clipart of bib, centered, isolated, plain white background, minimal style, bold outline, no text, square composition"
B:J Minimal Pairs - Final,fob,"clean vector clipart of fob, centered, isolated, plain white background, minimal style, bold outline, no text, square composition"
B:J Minimal Pairs - Final,grudge,"clean vector clipart of grudge, centered, isolated, plain white background, minimal style, bold outline, no text, square composition"
B:J Minimal Pairs - Final,hub,"clean vector clipart of hub, centered, isolated, plain white background, minimal style, bold outline, no text, square composition"
T:J Minimal Pairs - Initial,teens,"clean vector clipart of teens, centered, isolated, plain white background, minimal style, bold outline, no text, square composition"
T:J Minimal Pairs - Initial,toy,"clean vector clipart of toy, centered, isolated, plain white background, minimal style, bold outline, no text, square composition"
T:J Minimal Pairs - Initial,jab,"clean vector clipart of jab, centered, isolated, plain white background, minimal style, bold outline, no text, square composition"
T:J Minimal Pairs - Initial,tell,"clean vector clipart of tell, centered, isolated, plain white background, minimal style, bold outline, no text, square composition"
T:J Minimal Pairs - Medial,writing,"clean vector clipart of writing, centered, isolated, plain white background, minimal style, bold outline, no text, square composition"
T:J Minimal Pairs - Medial,hot dog,"clean vector clipart of hot dog, centered, isolated, plain white background, minimal style, bold outline, no text, square composition"
T:J Minimal Pairs - Medial,gator,"clean vector clipart of gator, centered, isolated, plain white background, minimal style, bold outline, no text, square composition"
T:J Minimal Pairs - Medial,badges,"clean vector clipart of badges, centered, isolated, plain white background, minimal style, bold outline, no text, square composition"
T:J Minimal Pairs - Medial,ledges,"clean vector clipart of ledges, centered, isolated, plain white background, minimal style, bold outline, no text, square composition"
T:J Minimal Pairs - Medial,hotel,"clean vector clipart of hotel, centered, isolated, plain white background, minimal style, bold outline, no text, square composition"
T:J Minimal Pairs - Medial,hedges,"clean vector clipart of hedges, centered, isolated, plain white background, minimal style, bold outline, no text, square composition"
T:J Minimal Pairs - Medial,attic,"clean vector clipart of attic, centered, isolated, plain white background, minimal style, bold outline, no text, square composition"
T:J Minimal Pairs - Medial,veggies,"clean vector clipart of veggies, centered, isolated, plain white background, minimal style, bold outline, no text, square composition"
T:J Minimal Pairs - Final,rate,"clean vector clipart of rate, centered, isolated, plain white background, minimal style, bold outline, no text, square composition"
T:J Minimal Pairs - Final,state,"clean vector clipart of state, centered, isolated, plain white background, minimal style, bold outline, no text, square composition"
T:J Minimal Pairs - Final,wage,"clean vector clipart of wage, centered, isolated, plain white background, minimal style, bold outline, no text, square composition"
T:J Minimal Pairs - Final,pet,"clean vector clipart of pet, centered, isolated, plain white background, minimal style, bold outline, no text, square composition"
P:J Minimal Pairs - Initial,pack,"clean vector clipart of pack, centered, isolated, plain white background, minimal style, bold outline, no text, square composition"
P:J Minimal Pairs - Initial,pump,"clean vector clipart of pump, centered, isolated, plain white background, minimal style, bold outline, no text, square composition"
P:J Minimal Pairs - Initial,peep,"clean vector clipart of peep, centered, isolated, plain white background, minimal style, bold outline, no text, square composition"
P:J Minimal Pairs - Initial,joke,"clean vector clipart of joke, centered, isolated, plain white background, minimal style, bold outline, no text, square composition"
P:J Minimal Pairs - Initial,g,"clean vector clipart of g, centered, isolated, plain white background, minimal style, bold outline, no text, square composition"
P:J Minimal Pairs - Initial,jan,"clean vector clipart of jan, centered, isolated, plain white background, minimal style, bold outline, no text, square composition"
P:J Minimal Pairs - Medial,ages,"clean vector clipart of ages, centered, isolated, plain white background, minimal style, bold outline, no text, square composition"
P:J Minimal Pairs - Medial,magpie,"clean vector clipart of magpie, centered, isolated, plain white background, minimal style, bold outline, no text, square composition"
P:J Minimal Pairs - Medial,dumping,"clean vector clipart of dumping, centered, isolated, plain white background, minimal style, bold outline, no text, square composition"
P:J Minimal Pairs - Medial,agile,"clean vector clipart of agile, centered, isolated, plain white background, minimal style, bold outline, no text, square composition"
P:J Minimal Pairs - Medial,pager,"clean vector clipart of pager, centered, isolated, plain white background, minimal style, bold outline, no text, square composition"
P:J Minimal Pairs - Medial,a pool,"clean vector clipart of a pool, centered, isolated, plain white background, minimal style, bold outline, no text, square composition"
P:J Minimal Pairs - Medial,a jewel,"clean vector clipart of a jewel, centered, isolated, plain white background, minimal style, bold outline, no text, square composition"
P:J Minimal Pairs - Medial,diaper,"clean vector clipart of diaper, centered, isolated, plain white background, minimal style, bold outline, no text, square composition"
P:J Minimal Pairs - Medial,danger,"clean vector clipart of danger, centered, isolated, plain white background, minimal style, bold outline, no text, square composition"
P:J Minimal Pairs - Medial,a pin,"clean vector clipart of a pin, centered, isolated, plain white background, minimal style, bold outline, no text, square composition"
P:J Minimal Pairs - Medial,april,"clean vector clipart of april, centered, isolated, plain white background, minimal style, bold outline, no text, square composition"
P:J Minimal Pairs - Medial,magie,"clean vector clipart of magie, centered, isolated, plain white background, minimal style, bold outline, no text, square composition"
P:J Minimal Pairs - Final,wrap,"clean vector clipart of wrap, centered, isolated, plain white background, minimal style, bold outline, no text, square composition"
P:J Minimal Pairs - Final,harp,"clean vector clipart of harp, centered, isolated, plain white background, minimal style, bold outline, no text, square composition"
CH:P Minimal Pairs - Initial,pew,"clean vector clipart of pew, centered, isolated, plain white background, minimal style, bold outline, no text, square composition"
CH:P Minimal Pairs - Initial,peck,"clean vector clipart of peck, centered, isolated, plain white background, minimal style, bold outline, no text, square composition"
CH:P Minimal Pairs - Medial,teepee,"clean vector clipart of teepee, centered, isolated, plain white background, minimal style, bold outline, no text, square composition"
CH:P Minimal Pairs - Medial,mapping,"clean vector clipart of mapping, centered, isolated, plain white background, minimal style, bold outline, no text, square composition"
CH:P Minimal Pairs - Medial,grumpy,"clean vector clipart of grumpy, centered, isolated, plain white background, minimal style, bold outline, no text, square composition"
CH:P Minimal Pairs - Medial,hatching,"clean vector clipart of hatching, centered, isolated, plain white background, minimal style, bold outline, no text, square composition"
CH:P Minimal Pairs - Medial,witches,"clean vector clipart of witches, centered, isolated, plain white background, minimal style, bold outline, no text, square composition"
CH:P Minimal Pairs - Medial,wiping,"clean vector clipart of wiping, centered, isolated, plain white background, minimal style, bold outline, no text, square composition"
CH:P Minimal Pairs - Medial,statue,"clean vector clipart of statue, centered, isolated, plain white background, minimal style, bold outline, no text, square composition"
CH:P Minimal Pairs - Medial,stopping,"clean vector clipart of stopping, centered, isolated, plain white background, minimal style, bold outline, no text, square composition"
CH:P Minimal Pairs - Medial,latching,"clean vector clipart of latching, centered, isolated, plain white background, minimal style, bold outline, no text, square composition"
CH:P Minimal Pairs - Medial,lapping,"clean vector clipart of lapping, centered, isolated, plain white background, minimal style, bold outline, no text, square composition"
CH:P Minimal Pairs - Medial,ratchet,"clean vector clipart of ratchet, centered, isolated, plain white background, minimal style, bold outline, no text, square composition"
CH:P Minimal Pairs - Medial,wrap it,"clean vector clipart of wrap it, centered, isolated, plain white background, minimal style, bold outline, no text, square composition"
CH:P Minimal Pairs - Medial,hippo,"clean vector clipart of hippo, centered, isolated, plain white background, minimal style, bold outline, no text, square composition"
CH:P Minimal Pairs - Medial,hatchet,"clean vector clipart of hatchet, centered, isolated, plain white background, minimal style, bold outline, no text, square composition"
CH:P Minimal Pairs - Medial,happen,"clean vector clipart of happen, centered, isolated, plain white background, minimal style, bold outline, no text, square composition"
CH:P Minimal Pairs - Medial,dipping,"clean vector clipart of dipping, centered, isolated, plain white background, minimal style, bold outline, no text, square composition"
CH:P Minimal Pairs - Final,whip,"clean vector clipart of whip, centered, isolated, plain white background, minimal style, bold outline, no text, square composition"
CH:P Minimal Pairs - Final,hitch,"clean vector clipart of hitch, centered, isolated, plain white background, minimal style, bold outline, no text, square composition"
CH:P Minimal Pairs - Final,hip,"clean vector clipart of hip, centered, isolated, plain white background, minimal style, bold outline, no text, square composition"
CH:P Minimal Pairs - Final,leach,"clean vector clipart of leach, centered, isolated, plain white background, minimal style, bold outline, no text, square composition"
CH:P Minimal Pairs - Final,up,"clean vector clipart of up, centered, isolated, plain white background, minimal style, bold outline, no text, square composition"
F:B Minimal Pairs - Initial,bun,"clean vector clipart of bun, centered, isolated, plain white background, minimal style, bold outline, no text, square composition"
F:B Minimal Pairs - Initial,fuzz,"clean vector clipart of fuzz, centered, isolated, plain white background, minimal style, bold outline, no text, square composition"
F:B Minimal Pairs - Initial,phone,"clean vector clipart of phone, centered, isolated, plain white background, minimal style, bold outline, no text, square composition"
F:B Minimal Pairs - Medial,wobble,"clean vector clipart of wobble, centered, isolated, plain white background, minimal style, bold outline, no text, square composition"
F:B Minimal Pairs - Medial,rabble,"clean vector clipart of rabble, centered, isolated, plain white background, minimal style, bold outline, no text, square composition"
F:B Minimal Pairs - Medial,cobweb,"clean vector clipart of cobweb, centered, isolated, plain white background, minimal style, bold outline, no text, square composition"
F:B Minimal Pairs - Medial,trophy,"clean vector clipart of trophy, centered, isolated, plain white background, minimal style, bold outline, no text, square composition"
F:B Minimal Pairs - Medial,toby,"clean vector clipart of toby, centered, isolated, plain white background, minimal style, bold outline, no text, square composition"
F:B Minimal Pairs - Medial,rougher,"clean vector clipart of rougher, centered, isolated, plain white background, minimal style, bold outline, no text, square composition"
F:B Minimal Pairs - Medial,safer,"clean vector clipart of safer, centered, isolated, plain white background, minimal style, bold outline, no text, square composition"
F:B Minimal Pairs - Medial,saber,"clean vector clipart of saber, centered, isolated, plain white background, minimal style, bold outline, no text, square composition"
F:B Minimal Pairs - Medial,roofing,"clean vector clipart of roofing, centered, isolated, plain white background, minimal style, bold outline, no text, square composition"
F:B Minimal Pairs - Medial,soba,"clean vector clipart of soba, centered, isolated, plain white background, minimal style, bold outline, no text, square composition"
F:B Minimal Pairs - Medial,griffin,"clean vector clipart of griffin, centered, isolated, plain white background, minimal style, bold outline, no text, square composition"
F:B Minimal Pairs - Medial,coughing,"clean vector clipart of coughing, centered, isolated, plain white background, minimal style, bold outline, no text, square composition"
F:B Minimal Pairs - Final,graph,"clean vector clipart of graph, centered, isolated, plain white background, minimal style, bold outline, no text, square composition"
F:B Minimal Pairs - Final,rough,"clean vector clipart of rough, centered, isolated, plain white background, minimal style, bold outline, no text, square composition"
F:B Minimal Pairs - Final,rub,"clean vector clipart of rub, centered, isolated, plain white background, minimal style, bold outline, no text, square composition"
F:B Minimal Pairs - Final,cuff,"clean vector clipart of cuff, centered, isolated, plain white background, minimal style, bold outline, no text, square composition"
F:B Minimal Pairs - Final,huff,"clean vector clipart of huff, centered, isolated, plain white background, minimal style, bold outline, no text, square composition"
F:B Minimal Pairs - Final,crib,"clean vector clipart of crib, centered, isolated, plain white background, minimal style, bold outline, no text, square composition"
F:B Minimal Pairs - Final,scarf,"clean vector clipart of scarf, centered, isolated, plain white background, minimal style, bold outline, no text, square composition"
F:D Minimal Pairs - Initial,dan,"clean vector clipart of dan, centered, isolated, plain white background, minimal style, bold outline, no text, square composition"
F:D Minimal Pairs - Initial,docks,"clean vector clipart of docks, centered, isolated, plain white background, minimal style, bold outline, no text, square composition"
F:D Minimal Pairs - Initial,dial,"clean vector clipart of dial, centered, isolated, plain white background, minimal style, bold outline, no text, square composition"
F:D Minimal Pairs - Medial,waddle,"clean vector clipart of waddle, centered, isolated, plain white background, minimal style, bold outline, no text, square composition"
F:D Minimal Pairs - Medial,wafer,"clean vector clipart of wafer, centered, isolated, plain white background, minimal style, bold outline, no text, square composition"
F:D Minimal Pairs - Medial,cuddle,"clean vector clipart of cuddle, centered, isolated, plain white background, minimal style, bold outline, no text, square composition"
F:D Minimal Pairs - Medial,puffy,"clean vector clipart of puffy, centered, isolated, plain white background, minimal style, bold outline, no text, square composition"
F:D Minimal Pairs - Medial,laughter,"clean vector clipart of laughter, centered, isolated, plain white background, minimal style, bold outline, no text, square composition"
F:D Minimal Pairs - Medial,sadder,"clean vector clipart of sadder, centered, isolated, plain white background, minimal style, bold outline, no text, square composition"
F:D Minimal Pairs - Medial,rudder,"clean vector clipart of rudder, centered, isolated, plain white background, minimal style, bold outline, no text, square composition"
F:D Minimal Pairs - Medial,rifle,"clean vector clipart of rifle, centered, isolated, plain white background, minimal style, bold outline, no text, square composition"
F:D Minimal Pairs - Medial,riding,"clean vector clipart of riding, centered, isolated, plain white background, minimal style, bold outline, no text, square composition"
F:D Minimal Pairs - Medial,goofy,"clean vector clipart of goofy, centered, isolated, plain white background, minimal style, bold outline, no text, square composition"
F:D Minimal Pairs - Medial,goody,"clean vector clipart of goody, centered, isolated, plain white background, minimal style, bold outline, no text, square composition"
F:D Minimal Pairs - Medial,cedar,"clean vector clipart of cedar, centered, isolated, plain white background, minimal style, bold outline, no text, square composition"
F:D Minimal Pairs - Medial,toffee,"clean vector clipart of toffee, centered, isolated, plain white background, minimal style, bold outline, no text, square composition"
F:D Minimal Pairs - Medial,teddy,"clean vector clipart of teddy, centered, isolated, plain white background, minimal style, bold outline, no text, square composition"
F:D Minimal Pairs - Final,good,"clean vector clipart of good, centered, isolated, plain white background, minimal style, bold outline, no text, square composition"
F:D Minimal Pairs - Final,odd,"clean vector clipart of odd, centered, isolated, plain white background, minimal style, bold outline, no text, square composition"
F:D Minimal Pairs - Final,chef,"clean vector clipart of chef, centered, isolated, plain white background, minimal style, bold outline, no text, square composition"
F:D Minimal Pairs - Final,shed,"clean vector clipart of shed, centered, isolated, plain white background, minimal style, bold outline, no text, square composition"
F:D Minimal Pairs - Final,wide,"clean vector clipart of wide, centered, isolated, plain white background, minimal style, bold outline, no text, square composition"
F:D Minimal Pairs - Final,woof,"clean vector clipart of woof, centered, isolated, plain white background, minimal style, bold outline, no text, square composition"
F:D Minimal Pairs - Final,wood,"clean vector clipart of wood, centered, isolated, plain white background, minimal style, bold outline, no text, square composition"
F:G Minimal Pairs - Initial,grr,"clean vector clipart of grr, centered, isolated, plain white background, minimal style, bold outline, no text, square composition"
F:G Minimal Pairs - Initial,fool,"clean vector clipart of fool, centered, isolated, plain white background, minimal style, bold outline, no text, square composition"
F:G Minimal Pairs - Initial,ghoul,"clean vector clipart of ghoul, centered, isolated, plain white background, minimal style, bold outline, no text, square composition"
F:G Minimal Pairs - Initial,fuss,"clean vector clipart of fuss, centered, isolated, plain white background, minimal style, bold outline, no text, square composition"
F:G Minimal Pairs - Initial,gus,"clean vector clipart of gus, centered, isolated, plain white background, minimal style, bold outline, no text, square composition"
F:G Minimal Pairs - Medial,ogre,"clean vector clipart of ogre, centered, isolated, plain white background, minimal style, bold outline, no text, square composition"
F:G Minimal Pairs - Medial,loafer,"clean vector clipart of loafer, centered, isolated, plain white background, minimal style, bold outline, no text, square composition"
F:G Minimal Pairs - Medial,tagging,"clean vector clipart of tagging, centered, isolated, plain white background, minimal style, bold outline, no text, square composition"
F:G Minimal Pairs - Medial,lagging,"clean vector clipart of lagging, centered, isolated, plain white background, minimal style, bold outline, no text, square composition"
F:G Minimal Pairs - Medial,cougar,"clean vector clipart of cougar, centered, isolated, plain white background, minimal style, bold outline, no text, square composition"
F:G Minimal Pairs - Medial,tugging,"clean vector clipart of tugging, centered, isolated, plain white background, minimal style, bold outline, no text, square composition"
F:G Minimal Pairs - Medial,jeffrey,"clean vector clipart of jeffrey, centered, isolated, plain white background, minimal style, bold outline, no text, square composition"
F:G Minimal Pairs - Medial,jogging,"clean vector clipart of jogging, centered, isolated, plain white background, minimal style, bold outline, no text, square composition"
F:G Minimal Pairs - Final,jeff,"clean vector clipart of jeff, centered, isolated, plain white background, minimal style, bold outline, no text, square composition"
F:K Minimal Pairs - Medial,leaky,"clean vector clipart of leaky, centered, isolated, plain white background, minimal style, bold outline, no text, square composition"
F:K Minimal Pairs - Final,life,"clean vector clipart of life, centered, isolated, plain white background, minimal style, bold outline, no text, square composition"
F:P Minimal Pairs - Initial,port,"clean vector clipart of port, centered, isolated, plain white background, minimal style, bold outline, no text, square composition"
F:P Minimal Pairs - Final,flap,"clean vector clipart of flap, centered, isolated, plain white background, minimal style, bold outline, no text, square composition"
F:T Minimal Pairs - Initial,ted,"clean vector clipart of ted, centered, isolated, plain white background, minimal style, bold outline, no text, square composition"
F:T Minimal Pairs - Final,cut,"clean vector clipart of cut, centered, isolated, plain white background, minimal style, bold outline, no text, square composition"
H:B Minimal Pairs - Initial,hot,"clean vector clipart of hot, centered, isolated, plain white background, minimal style, bold outline, no text, square composition"
H:B Minimal Pairs - Initial,heat,"clean vector clipart of heat, centered, isolated, plain white background, minimal style, bold outline, no text, square composition"
H:D Minimal Pairs - Initial,him,"clean vector clipart of him, centered, isolated, plain white background, minimal style, bold outline, no text, square composition"
H:G Minimal Pairs - Initial,hate,"clean vector clipart of hate, centered, isolated, plain white background, minimal style, bold outline, no text, square composition"
H:G Minimal Pairs - Initial,has,"clean vector clipart of has, centered, isolated, plain white background, minimal style, bold outline, no text, square composition"
H:K Minimal Pairs - Initial,hight,"clean vector clipart of hight, centered, isolated, plain white background, minimal style, bold outline, no text, square composition"
H:T Minimal Pairs - Initial,tim,"clean vector clipart of tim, centered, isolated, plain white background, minimal style, bold outline, no text, square composition"
J:Z Minimal Pairs - Medial,maizy,"clean vector clipart of maizy, centered, isolated, plain white background, minimal style, bold outline, no text, square composition"
J:Z Minimal Pairs - Final,ribs,"clean vector clipart of ribs, centered, isolated, plain white background, minimal style, bold outline, no text, square composition"
J:Z Minimal Pairs - Final,ed's,"clean vector clipart of ed's, centered, isolated, plain white background, minimal style, bold outline, no text, square composition"
J:Z Minimal Pairs - Final,pays,"clean vector clipart of pays, centered, isolated, plain white background, minimal style, bold outline, no text, square composition"
J:Z Minimal Pairs - Final,stays,"clean vector clipart of stays, centered, isolated, plain white background, minimal style, bold outline, no text, square composition"
L:Y Minimal Pairs - Initial,lou,"clean vector clipart of lou, centered, isolated, plain white background, minimal style, bold outline, no text, square composition"
L:Y Minimal Pairs - Initial,yucky,"clean vector clipart of yucky, centered, isolated, plain white background, minimal style, bold outline, no text, square composition"
L:Y Minimal Pairs - Medial,saying,"clean vector clipart of saying, centered, isolated, plain white background, minimal style, bold outline, no text, square composition"
L:Y Minimal Pairs - Medial,paying,"clean vector clipart of paying, centered, isolated, plain white background, minimal style, bold outline, no text, square composition"
M:B Minimal Pairs - Initial,make,"clean vector clipart of make, centered, isolated, plain white background, minimal style, bold outline, no text, square composition"
M:B Minimal Pairs - Medial,tummy,"clean vector clipart of tummy, centered, isolated, plain white background, minimal style, bold outline, no text, square composition"
M:B Minimal Pairs - Final,mom,"clean vector clipart of mom, centered, isolated, plain white background, minimal style, bold outline, no text, square composition"
M:B Minimal Pairs - Final,gabe,"clean vector clipart of gabe, centered, isolated, plain white background, minimal style, bold outline, no text, square composition"
M:B Minimal Pairs - Final,swim,"clean vector clipart of swim, centered, isolated, plain white background, minimal style, bold outline, no text, square composition"
N:D Minimal Pairs - Medial,tidy,"clean vector clipart of tidy, centered, isolated, plain white background, minimal style, bold outline, no text, square composition"
N:D Minimal Pairs - Medial,sunny,"clean vector clipart of sunny, centered, isolated, plain white background, minimal style, bold outline, no text, square composition"
N:D Minimal Pairs - Medial,buddy,"clean vector clipart of buddy, centered, isolated, plain white background, minimal style, bold outline, no text, square composition"
N:D Minimal Pairs - Medial,funny,"clean vector clipart of funny, centered, isolated, plain white background, minimal style, bold outline, no text, square composition"
N:D Minimal Pairs - Medial,flooding,"clean vector clipart of flooding, centered, isolated, plain white background, minimal style, bold outline, no text, square composition"
N:D Minimal Pairs - Medial,anna,"clean vector clipart of anna, centered, isolated, plain white background, minimal style, bold outline, no text, square composition"
N:D Minimal Pairs - Final,lean,"clean vector clipart of lean, centered, isolated, plain white background, minimal style, bold outline, no text, square composition"
NG:G Minimal Pairs - Final,lug,"clean vector clipart of lug, centered, isolated, plain white background, minimal style, bold outline, no text, square composition"
NG:G Minimal Pairs - Final,sang,"clean vector clipart of sang, centered, isolated, plain white background, minimal style, bold outline, no text, square composition"
NG:N Minimal Pairs - Final,thing,"clean vector clipart of thing, centered, isolated, plain white background, minimal style, bold outline, no text, square composition"
ER:UH Minimal Pairs - Final,hannah,"clean vector clipart of hannah, centered, isolated, plain white background, minimal style, bold outline, no text, square composition"
ER:UH Minimal Pairs - Final,peter,"clean vector clipart of peter, centered, isolated, plain white background, minimal style, bold outline, no text, square composition"
ER:UH Minimal Pairs - Medial,hurt,"clean vector clipart of hurt, centered, isolated, plain white background, minimal style, bold outline, no text, square composition"
ER:UH Minimal Pairs - Medial,curt,"clean vector clipart of curt, centered, isolated, plain white background, minimal style, bold outline, no text, square composition"
R:Y Minimal Pairs - Medial,laura,"clean vector clipart of laura, centered, isolated, plain white background, minimal style, bold outline, no text, square composition"
R:Y Minimal Pairs - Medial,coral,"clean vector clipart of coral, centered, isolated, plain white background, minimal style, bold outline, no text, square composition"
R:Y Minimal Pairs - Medial,tearing,"clean vector clipart of tearing, centered, isolated, plain white background, minimal style, bold outline, no text, square composition"
R:Y Minimal Pairs - Medial,leroy,"clean vector clipart of leroy, centered, isolated, plain white background, minimal style, bold outline, no text, square composition"
R:Y Minimal Pairs - Medial,oryx,"clean vector clipart of oryx, centered, isolated, plain white background, minimal style, bold outline, no text, square composition"
R:Y Minimal Pairs - Final,coy,"clean vector clipart of coy, centered, isolated, plain white background, minimal style, bold outline, no text, square composition"
S:B Minimal Pairs - Medial,mossy,"clean vector clipart of mossy, centered, isolated, plain white background, minimal style, bold outline, no text, square composition"
S:B Minimal Pairs - Final,toss,"clean vector clipart of toss, centered, isolated, plain white background, minimal style, bold outline, no text, square composition"
S:CH Minimal Pairs - Initial,chilly,"clean vector clipart of chilly, centered, isolated, plain white background, minimal style, bold outline, no text, square composition"
S:CH Minimal Pairs - Initial,choke,"clean vector clipart of choke, centered, isolated, plain white background, minimal style, bold outline, no text, square composition"
S:CH Minimal Pairs - Initial,sunk,"clean vector clipart of sunk, centered, isolated, plain white background, minimal style, bold outline, no text, square composition"
S:CH Minimal Pairs - Final,miss,"clean vector clipart of miss, centered, isolated, plain white background, minimal style, bold outline, no text, square composition"
S:CH Minimal Pairs - Final,mitch,"clean vector clipart of mitch, centered, isolated, plain white background, minimal style, bold outline, no text, square composition"
S:D Minimal Pairs - Final,pass,"clean vector clipart of pass, centered, isolated, plain white background, minimal style, bold outline, no text, square composition"
S:D Minimal Pairs - Final,led,"clean vector clipart of led, centered, isolated, plain white background, minimal style, bold outline, no text, square composition"
S:G Minimal Pairs - Medial,bragging,"clean vector clipart of bragging, centered, isolated, plain white background, minimal style, bold outline, no text, square composition"
S:K Minimal Pairs - Final,talk,"clean vector clipart of talk, centered, isolated, plain white background, minimal style, bold outline, no text, square composition"
SH:B Minimal Pairs - Initial,shack,"clean vector clipart of shack, centered, isolated, plain white background, minimal style, bold outline, no text, square composition"
SH:B Minimal Pairs - Initial,bought,"clean vector clipart of bought, centered, isolated, plain white background, minimal style, bold outline, no text, square composition"
SH:B Minimal Pairs - Medial,fibbing,"clean vector clipart of fibbing, centered, isolated, plain white background, minimal style, bold outline, no text, square composition"
SH:B Minimal Pairs - Medial,sunshine,"clean vector clipart of sunshine, centered, isolated, plain white background, minimal style, bold outline, no text, square composition"
SH:B Minimal Pairs - Final,mab,"clean vector clipart of mab, centered, isolated, plain white background, minimal style, bold outline, no text, square composition"
SH:G MInimal Pairs - Initial,shawn,"clean vector clipart of shawn, centered, isolated, plain white background, minimal style, bold outline, no text, square composition"
SH:G MInimal Pairs - Medial,seagull,"clean vector clipart of seagull, centered, isolated, plain white background, minimal style, bold outline, no text, square composition"
SH:G MInimal Pairs - Medial,bashing,"clean vector clipart of bashing, centered, isolated, plain white background, minimal style, bold outline, no text, square composition"
SH:K Minimal Pairs - Medial,flicking,"clean vector clipart of flicking, centered, isolated, plain white background, minimal style, bold outline, no text, square composition"
SH:K Minimal Pairs - Medial,tickle,"clean vector clipart of tickle, centered, isolated, plain white background, minimal style, bold outline, no text, square composition"
SH:P Minimal Pairs - Initial,pore,"clean vector clipart of pore, centered, isolated, plain white background, minimal style, bold outline, no text, square composition"
SH:P Minimal Pairs - Initial,paul,"clean vector clipart of paul, centered, isolated, plain white background, minimal style, bold outline, no text, square composition"
SH:T Minimal Pairs - Medial,dashing,"clean vector clipart of dashing, centered, isolated, plain white background, minimal style, bold outline, no text, square composition"
TH:B Minimal Pairs - Initial,they'll,"clean vector clipart of they'll, centered, isolated, plain white background, minimal style, bold outline, no text, square composition"
TH:B Minimal Pairs - Medial,another,"clean vector clipart of another, centered, isolated, plain white background, minimal style, bold outline, no text, square composition"
TH:D Minimal Pairs - Initial,does,"clean vector clipart of does, centered, isolated, plain white background, minimal style, bold outline, no text, square composition"
TH:D Minimal Pairs - Initial,dares,"clean vector clipart of dares, centered, isolated, plain white background, minimal style, bold outline, no text, square composition"
TH:D Minimal Pairs - Final,read,"clean vector clipart of read, centered, isolated, plain white background, minimal style, bold outline, no text, square composition"
TH:G Minimal Pairs - Initial,glare,"clean vector clipart of glare, centered, isolated, plain white background, minimal style, bold outline, no text, square composition"
TH:G Minimal Pairs - Initial,their's,"clean vector clipart of their's, centered, isolated, plain white background, minimal style, bold outline, no text, square composition"
TH:G Minimal Pairs - Initial,glares,"clean vector clipart of glares, centered, isolated, plain white background, minimal style, bold outline, no text, square composition"
TH:G Minimal Pairs - Medial,bigger,"clean vector clipart of bigger, centered, isolated, plain white background, minimal style, bold outline, no text, square composition"
TH:K Minimal Pairs - Initial,threw,"clean vector clipart of threw, centered, isolated, plain white background, minimal style, bold outline, no text, square composition"
TH:K Minimal Pairs - Initial,throw,"clean vector clipart of throw, centered, isolated, plain white background, minimal style, bold outline, no text, square composition"
TH:K Minimal Pairs - Medial,auther,"clean vector clipart of auther, centered, isolated, plain white background, minimal style, bold outline, no text, square composition"
TH:K Minimal Pairs - Medial,whacking,"clean vector clipart of whacking, centered, isolated, plain white background, minimal style, bold outline, no text, square composition"
TH:K Minimal Pairs - Medial,baking,"clean vector clipart of baking, centered, isolated, plain white background, minimal style, bold outline, no text, square composition"
TH:K Minimal Pairs - Medial,sunken,"clean vector clipart of sunken, centered, isolated, plain white background, minimal style, bold outline, no text, square composition"
TH:K Minimal Pairs - Final,path,"clean vector clipart of path, centered, isolated, plain white background, minimal style, bold outline, no text, square composition"
TH:K Minimal Pairs - Final,faith,"clean vector clipart of faith, centered, isolated, plain white background, minimal style, bold outline, no text, square composition"
TH:K Minimal Pairs - Final,brock,"clean vector clipart of brock, centered, isolated, plain white background, minimal style, bold outline, no text, square composition"
TH:P Minimal Pairs - Initial,pro,"clean vector clipart of pro, centered, isolated, plain white background, minimal style, bold outline, no text, square composition"
TH:P Minimal Pairs - Initial,thicker,"clean vector clipart of thicker, centered, isolated, plain white background, minimal style, bold outline, no text, square composition"
TH:P Minimal Pairs - Medial,upper,"clean vector clipart of upper, centered, isolated, plain white background, minimal style, bold outline, no text, square composition"
TH:P Minimal Pairs - Medial,athlete,"clean vector clipart of athlete, centered, isolated, plain white background, minimal style, bold outline, no text, square composition"
TH:P Minimal Pairs - Medial,cathy,"clean vector clipart of cathy, centered, isolated, plain white background, minimal style, bold outline, no text, square composition"
TH:P Minimal Pairs - Medial,ethan,"clean vector clipart of ethan, centered, isolated, plain white background, minimal style, bold outline, no text, square composition"
TH:P Minimal Pairs - Final,wrath,"clean vector clipart of wrath, centered, isolated, plain white background, minimal style, bold outline, no text, square composition"
TH:P Minimal Pairs - Final,burp,"clean vector clipart of burp, centered, isolated, plain white background, minimal style, bold outline, no text, square composition"
TH:T Minimal Pairs - Initial,taught,"clean vector clipart of taught, centered, isolated, plain white background, minimal style, bold outline, no text, square composition"
V:D Minimal Pairs - Medial,living,"clean vector clipart of living, centered, isolated, plain white background, minimal style, bold outline, no text, square composition"
V:D Minimal Pairs - Medial,saving,"clean vector clipart of saving, centered, isolated, plain white background, minimal style, bold outline, no text, square composition"
V:D Minimal Pairs - Medial,shaving,"clean vector clipart of shaving, centered, isolated, plain white background, minimal style, bold outline, no text, square composition"
V:D Minimal Pairs - Final,pave,"clean vector clipart of pave, centered, isolated, plain white background, minimal style, bold outline, no text, square composition"
V:D Minimal Pairs - Final,wade,"clean vector clipart of wade, centered, isolated, plain white background, minimal style, bold outline, no text, square composition"
V:G Minimal Pairs - Medial,diving,"clean vector clipart of diving, centered, isolated, plain white background, minimal style, bold outline, no text, square composition"
V:K Minimal Pairs - Initial,kyle,"clean vector clipart of kyle, centered, isolated, plain white background, minimal style, bold outline, no text, square composition"
V:K Minimal Pairs - Initial,kind,"clean vector clipart of kind, centered, isolated, plain white background, minimal style, bold outline, no text, square composition"
V:K Minimal Pairs - Medial,leaving,"clean vector clipart of leaving, centered, isolated, plain white background, minimal style, bold outline, no text, square composition"
V:K Minimal Pairs - Medial,loving,"clean vector clipart of loving, centered, isolated, plain white background, minimal style, bold outline, no text, square composition"
V:T Minimal Pairs - Initial,typer,"clean vector clipart of typer, centered, isolated, plain white background, minimal style, bold outline, no text, square composition"
V:T Minimal Pairs - Medial,rover,"clean vector clipart of rover, centered, isolated, plain white background, minimal style, bold outline, no text, square composition"
Z:B Minimal Pairs - Initial,brainy,"clean vector clipart of brainy, centered, isolated, plain white background, minimal style, bold outline, no text, square composition"
Z:B Minimal Pairs - Medial,nuzzle,"clean vector clipart of nuzzle, centered, isolated, plain white background, minimal style, bold outline, no text, square composition"
Z:B Minimal Pairs - Medial,number,"clean vector clipart of number, centered, isolated, plain white background, minimal style, bold outline, no text, square composition"
Z:B Minimal Pairs - Medial,izzy,"clean vector clipart of izzy, centered, isolated, plain white background, minimal style, bold outline, no text, square composition"
Z:D Minimal Pairs - Initial,zig,"clean vector clipart of zig, centered, isolated, plain white background, minimal style, bold outline, no text, square composition"
Z:D Minimal Pairs - Initial,danny,"clean vector clipart of danny, centered, isolated, plain white background, minimal style, bold outline, no text, square composition"
Z:D Minimal Pairs - Initial,zipping,"clean vector clipart of zipping, centered, isolated, plain white background, minimal style, bold outline, no text, square composition"
Z:G Minimal Pairs - Initial,going,"clean vector clipart of going, centered, isolated, plain white background, minimal style, bold outline, no text, square composition"
Z:G Minimal Pairs - Initial,zippy,"clean vector clipart of zippy, centered, isolated, plain white background, minimal style, bold outline, no text, square composition"
Z:G Minimal Pairs - Medial,buzzy,"clean vector clipart of buzzy, centered, isolated, plain white background, minimal style, bold outline, no text, square composition"
Z:G Minimal Pairs - Final,fizz,"clean vector clipart of fizz, centered, isolated, plain white background, minimal style, bold outline, no text, square composition"
Z:K Minimal Pairs - Medial,hiking,"clean vector clipart of hiking, centered, isolated, plain white background, minimal style, bold outline, no text, square composition"
Z:K Minimal Pairs - Medial,poking,"clean vector clipart of poking, centered, isolated, plain white background, minimal style, bold outline, no text, square composition"
Z:K Minimal Pairs - Final,buys,"clean vector clipart of buys, centered, isolated, plain white background, minimal style, bold outline, no text, square composition"
Z:K Minimal Pairs - Final,haze,"clean vector clipart of haze, centered, isolated, plain white background, minimal style, bold outline, no text, square composition"
Z:P Minimal Pairs - Medial,grazing,"clean vector clipart of grazing, centered, isolated, plain white background, minimal style, bold outline, no text, square composition"
Z:P Minimal Pairs - Medial,losing,"clean vector clipart of losing, centered, isolated, plain white background, minimal style, bold outline, no text, square composition"
Z:P Minimal Pairs - Medial,teasing,"clean vector clipart of teasing, centered, isolated, plain white background, minimal style, bold outline, no text, square composition"
Z:P Minimal Pairs - Final,noise,"clean vector clipart of noise, centered, isolated, plain white background, minimal style, bold outline, no text, square composition"
Z:P Minimal Pairs - Final,nope,"clean vector clipart of nope, centered, isolated, plain white background, minimal style, bold outline, no text, square composition"
Z:T Minimal Pairs - Medial,looting,"clean vector clipart of looting, centered, isolated, plain white background, minimal style, bold outline, no text, square composition"
Z:T Minimal Pairs - Final,cheat,"clean vector clipart of cheat, centered, isolated, plain white background, minimal style, bold outline, no text, square composition"
