=== Tue May 19 15:47:31 MDT 2026 === Starting library push (batch size 400)
=== Tue May 19 15:47:31 MDT 2026 === Batch 2: 2428 PNGs left; staging up to 400...
[master c062298] Add _library clipart (batch 2)
 400 files changed, 0 insertions(+), 0 deletions(-)
 create mode 100644 word-images/_library/candle.png
 create mode 100644 word-images/_library/candy.png
 create mode 100644 word-images/_library/cane.png
 create mode 100644 word-images/_library/canyon.png
 create mode 100644 word-images/_library/cap.png
 create mode 100644 word-images/_library/cape.png
 create mode 100644 word-images/_library/captain.png
 create mode 100644 word-images/_library/car.png
 create mode 100644 word-images/_library/carb.png
 create mode 100644 word-images/_library/card.png
 create mode 100644 word-images/_library/cardigan.png
 create mode 100644 word-images/_library/care.png
 create mode 100644 word-images/_library/careful.png
 create mode 100644 word-images/_library/caring.png
 create mode 100644 word-images/_library/carousel.png
 create mode 100644 word-images/_library/carp.png
 create mode 100644 word-images/_library/carpet.png
 create mode 100644 word-images/_library/carrot.png
 create mode 100644 word-images/_library/carry.png
 create mode 100644 word-images/_library/cart.png
 create mode 100644 word-images/_library/cartoon.png
 create mode 100644 word-images/_library/carve.png
 create mode 100644 word-images/_library/case.png
 create mode 100644 word-images/_library/cash.png
 create mode 100644 word-images/_library/cashew.png
 create mode 100644 word-images/_library/cashier.png
 create mode 100644 word-images/_library/cassete.png
 create mode 100644 word-images/_library/cassette.png
 create mode 100644 word-images/_library/castle.png
 create mode 100644 word-images/_library/cat.png
 create mode 100644 word-images/_library/catch.png
 create mode 100644 word-images/_library/catcher.png
 create mode 100644 word-images/_library/catching.png
 create mode 100644 word-images/_library/cattle.png
 create mode 100644 word-images/_library/caught.png
 create mode 100644 word-images/_library/cauldron.png
 create mode 100644 word-images/_library/cave.png
 create mode 100644 word-images/_library/caw.png
 create mode 100644 word-images/_library/cedar.png
 create mode 100644 word-images/_library/cement.png
 create mode 100644 word-images/_library/cereal.png
 create mode 100644 word-images/_library/chain.png
 create mode 100644 word-images/_library/chained.png
 create mode 100644 word-images/_library/chair.png
 create mode 100644 word-images/_library/chaise.png
 create mode 100644 word-images/_library/chalk.png
 create mode 100644 word-images/_library/chandelier.png
 create mode 100644 word-images/_library/change.png
 create mode 100644 word-images/_library/chap.png
 create mode 100644 word-images/_library/char.png
 create mode 100644 word-images/_library/chart.png
 create mode 100644 word-images/_library/chase.png
 create mode 100644 word-images/_library/chasing.png
 create mode 100644 word-images/_library/chat.png
 create mode 100644 word-images/_library/cheap.png
 create mode 100644 word-images/_library/cheat.png
 create mode 100644 word-images/_library/cheater.png
 create mode 100644 word-images/_library/check.png
 create mode 100644 word-images/_library/cheek.png
 create mode 100644 word-images/_library/cheep.png
 create mode 100644 word-images/_library/cheer.png
 create mode 100644 word-images/_library/cheering.png
 create mode 100644 word-images/_library/cheerio.png
 create mode 100644 word-images/_library/cheese.png
 create mode 100644 word-images/_library/cheesy.png
 create mode 100644 word-images/_library/cheetah.png
 create mode 100644 word-images/_library/chef.png
 create mode 100644 word-images/_library/cherry.png
 create mode 100644 word-images/_library/chest.png
 create mode 100644 word-images/_library/chew.png
 create mode 100644 word-images/_library/chick.png
 create mode 100644 word-images/_library/chicken.png
 create mode 100644 word-images/_library/chief.png
 create mode 100644 word-images/_library/children.png
 create mode 100644 word-images/_library/chill.png
 create mode 100644 word-images/_library/chilled.png
 create mode 100644 word-images/_library/chilly.png
 create mode 100644 word-images/_library/chin.png
 create mode 100644 word-images/_library/chip.png
 create mode 100644 word-images/_library/choke.png
 create mode 100644 word-images/_library/choking.png
 create mode 100644 word-images/_library/choose.png
 create mode 100644 word-images/_library/chop.png
 create mode 100644 word-images/_library/chore.png
 create mode 100644 word-images/_library/chow.png
 create mode 100644 word-images/_library/chuck.png
 create mode 100644 word-images/_library/chug.png
 create mode 100644 word-images/_library/chugging.png
 create mode 100644 word-images/_library/chum.png
 create mode 100644 word-images/_library/chunk.png
 create mode 100644 word-images/_library/churn.png
 create mode 100644 word-images/_library/cigar.png
 create mode 100644 word-images/_library/cinnamon.png
 create mode 100644 word-images/_library/circle.png
 create mode 100644 word-images/_library/circus.png
 create mode 100644 word-images/_library/city.png
 create mode 100644 word-images/_library/clam.png
 create mode 100644 word-images/_library/clan.png
 create mode 100644 word-images/_library/clap.png
 create mode 100644 word-images/_library/clash.png
 create mode 100644 word-images/_library/class.png
 create mode 100644 word-images/_library/claw.png
 create mode 100644 word-images/_library/clay.png
 create mode 100644 word-images/_library/clear.png
 create mode 100644 word-images/_library/clearance.png
 create mode 100644 word-images/_library/click.png
 create mode 100644 word-images/_library/cliff.png
 create mode 100644 word-images/_library/climb.png
 create mode 100644 word-images/_library/clock.png
 create mode 100644 word-images/_library/clod.png
 create mode 100644 word-images/_library/clog.png
 create mode 100644 word-images/_library/clone.png
 create mode 100644 word-images/_library/close.png
 create mode 100644 word-images/_library/cloth.png
 create mode 100644 word-images/_library/clothe.png
 create mode 100644 word-images/_library/cloud.png
 create mode 100644 word-images/_library/cloudy.png
 create mode 100644 word-images/_library/clove.png
 create mode 100644 word-images/_library/clover.png
 create mode 100644 word-images/_library/club.png
 create mode 100644 word-images/_library/coach.png
 create mode 100644 word-images/_library/coal.png
 create mode 100644 word-images/_library/coast.png
 create mode 100644 word-images/_library/coat.png
 create mode 100644 word-images/_library/cob.png
 create mode 100644 word-images/_library/cobra.png
 create mode 100644 word-images/_library/cobweb.png
 create mode 100644 word-images/_library/cod.png
 create mode 100644 word-images/_library/code.png
 create mode 100644 word-images/_library/coffee.png
 create mode 100644 word-images/_library/cog.png
 create mode 100644 word-images/_library/coil.png
 create mode 100644 word-images/_library/cold.png
 create mode 100644 word-images/_library/color.png
 create mode 100644 word-images/_library/comb.png
 create mode 100644 word-images/_library/combing.png
 create mode 100644 word-images/_library/come.png
 create mode 100644 word-images/_library/comma.png
 create mode 100644 word-images/_library/cone.png
 create mode 100644 word-images/_library/coo.png
 create mode 100644 word-images/_library/cool.png
 create mode 100644 word-images/_library/coon.png
 create mode 100644 word-images/_library/coop.png
 create mode 100644 word-images/_library/cop.png
 create mode 100644 word-images/_library/copper.png
 create mode 100644 word-images/_library/copy.png
 create mode 100644 word-images/_library/coral.png
 create mode 100644 word-images/_library/core.png
 create mode 100644 word-images/_library/corn.png
 create mode 100644 word-images/_library/corny.png
 create mode 100644 word-images/_library/cot.png
 create mode 100644 word-images/_library/cottage.png
 create mode 100644 word-images/_library/cotton.png
 create mode 100644 word-images/_library/couch.png
 create mode 100644 word-images/_library/couches.png
 create mode 100644 word-images/_library/cougar.png
 create mode 100644 word-images/_library/cough.png
 create mode 100644 word-images/_library/coughing.png
 create mode 100644 word-images/_library/course.png
 create mode 100644 word-images/_library/cousin.png
 create mode 100644 word-images/_library/cove.png
 create mode 100644 word-images/_library/cover.png
 create mode 100644 word-images/_library/cow.png
 create mode 100644 word-images/_library/coward.png
 create mode 100644 word-images/_library/cowboy.png
 create mode 100644 word-images/_library/coy.png
 create mode 100644 word-images/_library/coyote.png
 create mode 100644 word-images/_library/cozy.png
 create mode 100644 word-images/_library/crab.png
 create mode 100644 word-images/_library/cracker.png
 create mode 100644 word-images/_library/cram.png
 create mode 100644 word-images/_library/crane.png
 create mode 100644 word-images/_library/crash.png
 create mode 100644 word-images/_library/crate.png
 create mode 100644 word-images/_library/crave.png
 create mode 100644 word-images/_library/crawl.png
 create mode 100644 word-images/_library/crayon.png
 create mode 100644 word-images/_library/crazy.png
 create mode 100644 word-images/_library/cream.png
 create mode 100644 word-images/_library/creep.png
 create mode 100644 word-images/_library/crew.png
 create mode 100644 word-images/_library/crib.png
 create mode 100644 word-images/_library/crone.png
 create mode 100644 word-images/_library/crop.png
 create mode 100644 word-images/_library/crow.png
 create mode 100644 word-images/_library/crowbar.png
 create mode 100644 word-images/_library/crowd.png
 create mode 100644 word-images/_library/crumb.png
 create mode 100644 word-images/_library/crunching.png
 create mode 100644 word-images/_library/crunchy.png
 create mode 100644 word-images/_library/crush.png
 create mode 100644 word-images/_library/crushes.png
 create mode 100644 word-images/_library/crutch.png
 create mode 100644 word-images/_library/crutches.png
 create mode 100644 word-images/_library/cry.png
 create mode 100644 word-images/_library/cub.png
 create mode 100644 word-images/_library/cubby.png
 create mode 100644 word-images/_library/cube.png
 create mode 100644 word-images/_library/cud.png
 create mode 100644 word-images/_library/cuddle.png
 create mode 100644 word-images/_library/cuff.png
 create mode 100644 word-images/_library/cup.png
 create mode 100644 word-images/_library/cupcake.png
 create mode 100644 word-images/_library/curb.png
 create mode 100644 word-images/_library/curd.png
 create mode 100644 word-images/_library/curl.png
 create mode 100644 word-images/_library/curry.png
 create mode 100644 word-images/_library/curtain.png
 create mode 100644 word-images/_library/curve.png
 create mode 100644 word-images/_library/cushion.png
 create mode 100644 word-images/_library/custard.png
 create mode 100644 word-images/_library/cut.png
 create mode 100644 word-images/_library/cutie.png
 create mode 100644 word-images/_library/cutter.png
 create mode 100644 word-images/_library/cymbals.png
 create mode 100644 word-images/_library/czar.png
 create mode 100644 word-images/_library/dab.png
 create mode 100644 word-images/_library/dad.png
 create mode 100644 word-images/_library/daddy.png
 create mode 100644 word-images/_library/dagger.png
 create mode 100644 word-images/_library/dairy.png
 create mode 100644 word-images/_library/daisy.png
 create mode 100644 word-images/_library/dale.png
 create mode 100644 word-images/_library/dame.png
 create mode 100644 word-images/_library/dance.png
 create mode 100644 word-images/_library/dancer.png
 create mode 100644 word-images/_library/danger.png
 create mode 100644 word-images/_library/dare.png
 create mode 100644 word-images/_library/dares.png
 create mode 100644 word-images/_library/dark.png
 create mode 100644 word-images/_library/darling.png
 create mode 100644 word-images/_library/dart.png
 create mode 100644 word-images/_library/dash.png
 create mode 100644 word-images/_library/dasher.png
 create mode 100644 word-images/_library/dashing.png
 create mode 100644 word-images/_library/date.png
 create mode 100644 word-images/_library/dating.png
 create mode 100644 word-images/_library/dawn.png
 create mode 100644 word-images/_library/day.png
 create mode 100644 word-images/_library/daydream.png
 create mode 100644 word-images/_library/dead.png
 create mode 100644 word-images/_library/deaf.png
 create mode 100644 word-images/_library/deal.png
 create mode 100644 word-images/_library/death.png
 create mode 100644 word-images/_library/debt.png
 create mode 100644 word-images/_library/deck.png
 create mode 100644 word-images/_library/deep.png
 create mode 100644 word-images/_library/deeper.png
 create mode 100644 word-images/_library/deer.png
 create mode 100644 word-images/_library/defend.png
 create mode 100644 word-images/_library/den.png
 create mode 100644 word-images/_library/dent.png
 create mode 100644 word-images/_library/depend.png
 create mode 100644 word-images/_library/desert.png
 create mode 100644 word-images/_library/desk.png
 create mode 100644 word-images/_library/dew.png
 create mode 100644 word-images/_library/dial.png
 create mode 100644 word-images/_library/diamond.png
 create mode 100644 word-images/_library/diaper.png
 create mode 100644 word-images/_library/dice.png
 create mode 100644 word-images/_library/did.png
 create mode 100644 word-images/_library/die.png
 create mode 100644 word-images/_library/dies.png
 create mode 100644 word-images/_library/diet.png
 create mode 100644 word-images/_library/different.png
 create mode 100644 word-images/_library/dig.png
 create mode 100644 word-images/_library/digging.png
 create mode 100644 word-images/_library/digit.png
 create mode 100644 word-images/_library/dike.png
 create mode 100644 word-images/_library/dill.png
 create mode 100644 word-images/_library/dim.png
 create mode 100644 word-images/_library/dime.png
 create mode 100644 word-images/_library/dine.png
 create mode 100644 word-images/_library/ding.png
 create mode 100644 word-images/_library/dinner.png
 create mode 100644 word-images/_library/dino.png
 create mode 100644 word-images/_library/dinosuar.png
 create mode 100644 word-images/_library/dip.png
 create mode 100644 word-images/_library/dipping.png
 create mode 100644 word-images/_library/dirt.png
 create mode 100644 word-images/_library/dirty.png
 create mode 100644 word-images/_library/dish.png
 create mode 100644 word-images/_library/dishes.png
 create mode 100644 word-images/_library/ditch.png
 create mode 100644 word-images/_library/ditching.png
 create mode 100644 word-images/_library/dither.png
 create mode 100644 word-images/_library/diva.png
 create mode 100644 word-images/_library/dive.png
 create mode 100644 word-images/_library/diver.png
 create mode 100644 word-images/_library/diving.png
 create mode 100644 word-images/_library/dizzy.png
 create mode 100644 word-images/_library/do.png
 create mode 100644 word-images/_library/dob.png
 create mode 100644 word-images/_library/dock.png
 create mode 100644 word-images/_library/docking.png
 create mode 100644 word-images/_library/docks.png
 create mode 100644 word-images/_library/dodge.png
 create mode 100644 word-images/_library/dodging.png
 create mode 100644 word-images/_library/doe.png
 create mode 100644 word-images/_library/does.png
 create mode 100644 word-images/_library/dog.png
 create mode 100644 word-images/_library/doghouse.png
 create mode 100644 word-images/_library/doll.png
 create mode 100644 word-images/_library/dollar bill.png
 create mode 100644 word-images/_library/dollar.png
 create mode 100644 word-images/_library/dolphin.png
 create mode 100644 word-images/_library/dome.png
 create mode 100644 word-images/_library/domino.png
 create mode 100644 word-images/_library/done.png
 create mode 100644 word-images/_library/donkey.png
 create mode 100644 word-images/_library/donut.png
 create mode 100644 word-images/_library/doom.png
 create mode 100644 word-images/_library/door.png
 create mode 100644 word-images/_library/dot.png
 create mode 100644 word-images/_library/double.png
 create mode 100644 word-images/_library/dough.png
 create mode 100644 word-images/_library/doughy.png
 create mode 100644 word-images/_library/dove.png
 create mode 100644 word-images/_library/dowel.png
 create mode 100644 word-images/_library/down.png
 create mode 100644 word-images/_library/doze.png
 create mode 100644 word-images/_library/dozen.png
 create mode 100644 word-images/_library/drab.png
 create mode 100644 word-images/_library/drag.png
 create mode 100644 word-images/_library/dragon.png
 create mode 100644 word-images/_library/dread.png
 create mode 100644 word-images/_library/dream.png
 create mode 100644 word-images/_library/dress.png
 create mode 100644 word-images/_library/drib.png
 create mode 100644 word-images/_library/dribble.png
 create mode 100644 word-images/_library/drill.png
 create mode 100644 word-images/_library/drip.png
 create mode 100644 word-images/_library/drive.png
 create mode 100644 word-images/_library/drizzle.png
 create mode 100644 word-images/_library/drone.png
 create mode 100644 word-images/_library/drop.png
 create mode 100644 word-images/_library/drove.png
 create mode 100644 word-images/_library/drug.png
 create mode 100644 word-images/_library/drum.png
 create mode 100644 word-images/_library/drummer.png
 create mode 100644 word-images/_library/duchess.png
 create mode 100644 word-images/_library/duck.png
 create mode 100644 word-images/_library/dud.png
 create mode 100644 word-images/_library/dude.png
 create mode 100644 word-images/_library/duel.png
 create mode 100644 word-images/_library/dug.png
 create mode 100644 word-images/_library/duh.png
 create mode 100644 word-images/_library/dumb.png
 create mode 100644 word-images/_library/dump.png
 create mode 100644 word-images/_library/dumping.png
 create mode 100644 word-images/_library/dune.png
 create mode 100644 word-images/_library/dungeon.png
 create mode 100644 word-images/_library/dunking.png
 create mode 100644 word-images/_library/dust.png
 create mode 100644 word-images/_library/dusty.png
 create mode 100644 word-images/_library/dye.png
 create mode 100644 word-images/_library/eager.png
 create mode 100644 word-images/_library/eagle.png
 create mode 100644 word-images/_library/ear.png
 create mode 100644 word-images/_library/earring.png
 create mode 100644 word-images/_library/earthquake.png
 create mode 100644 word-images/_library/easy.png
 create mode 100644 word-images/_library/eat.png
 create mode 100644 word-images/_library/eater.png
 create mode 100644 word-images/_library/eating.png
 create mode 100644 word-images/_library/edge.png
 create mode 100644 word-images/_library/edges.png
 create mode 100644 word-images/_library/eek.png
 create mode 100644 word-images/_library/eel.png
 create mode 100644 word-images/_library/eep.png
 create mode 100644 word-images/_library/egg.png
 create mode 100644 word-images/_library/eh.png
 create mode 100644 word-images/_library/eight.png
 create mode 100644 word-images/_library/either.png
 create mode 100644 word-images/_library/elbow.png
 create mode 100644 word-images/_library/elephant.png
 create mode 100644 word-images/_library/elf.png
 create mode 100644 word-images/_library/engine.png
 create mode 100644 word-images/_library/engineer.png
 create mode 100644 word-images/_library/even.png
 create mode 100644 word-images/_library/explore.png
 create mode 100644 word-images/_library/eye.png
 create mode 100644 word-images/_library/eyeball.png
 create mode 100644 word-images/_library/eyes.png
 create mode 100644 word-images/_library/fable.png
 create mode 100644 word-images/_library/face.png
 create mode 100644 word-images/_library/fail.png
 create mode 100644 word-images/_library/fair.png
 create mode 100644 word-images/_library/fairy.png
 create mode 100644 word-images/_library/faith.png
 create mode 100644 word-images/_library/fake.png
 create mode 100644 word-images/_library/faker.png
 create mode 100644 word-images/_library/fall.png
 create mode 100644 word-images/_library/fame.png
 create mode 100644 word-images/_library/family.png
 create mode 100644 word-images/_library/fan.png
 create mode 100644 word-images/_library/fang.png
 create mode 100644 word-images/_library/far.png
 create mode 100644 word-images/_library/farming.png
 create mode 100644 word-images/_library/fashion.png
=== Tue May 19 15:47:53 MDT 2026 === Pushing 400 files...
To github.com:beehivespeechtherapy/Speech-Therapy-Games.git
   892978c..c062298  master -> master
=== Tue May 19 15:50:37 MDT 2026 === Batch 2 pushed (400 files).
=== Tue May 19 15:50:37 MDT 2026 === Batch 3: 2028 PNGs left; staging up to 400...
[master 7de741c] Add _library clipart (batch 3)
 400 files changed, 0 insertions(+), 0 deletions(-)
 create mode 100644 word-images/_library/fast.png
 create mode 100644 word-images/_library/faster.png
 create mode 100644 word-images/_library/fat.png
 create mode 100644 word-images/_library/father.png
 create mode 100644 word-images/_library/faucet.png
 create mode 100644 word-images/_library/favor.png
 create mode 100644 word-images/_library/favorite.png
 create mode 100644 word-images/_library/fawn.png
 create mode 100644 word-images/_library/fear.png
 create mode 100644 word-images/_library/feast.png
 create mode 100644 word-images/_library/feather.png
 create mode 100644 word-images/_library/fed.png
 create mode 100644 word-images/_library/fee.png
 create mode 100644 word-images/_library/feed.png
 create mode 100644 word-images/_library/feeder.png
 create mode 100644 word-images/_library/feel.png
 create mode 100644 word-images/_library/fees.png
 create mode 100644 word-images/_library/feet.png
 create mode 100644 word-images/_library/fell.png
 create mode 100644 word-images/_library/fern.png
 create mode 100644 word-images/_library/fever.png
 create mode 100644 word-images/_library/few.png
 create mode 100644 word-images/_library/fib.png
 create mode 100644 word-images/_library/fibber.png
 create mode 100644 word-images/_library/fibbing.png
 create mode 100644 word-images/_library/fiber.png
 create mode 100644 word-images/_library/fiddle.png
 create mode 100644 word-images/_library/fidget.png
 create mode 100644 word-images/_library/fifty.png
 create mode 100644 word-images/_library/fig.png
 create mode 100644 word-images/_library/fight.png
 create mode 100644 word-images/_library/file.png
 create mode 100644 word-images/_library/fill.png
 create mode 100644 word-images/_library/filling.png
 create mode 100644 word-images/_library/filthy.png
 create mode 100644 word-images/_library/fin.png
 create mode 100644 word-images/_library/fine.png
 create mode 100644 word-images/_library/finger.png
 create mode 100644 word-images/_library/fire.png
 create mode 100644 word-images/_library/first.png
 create mode 100644 word-images/_library/fish.png
 create mode 100644 word-images/_library/fishbowl.png
 create mode 100644 word-images/_library/fishing.png
 create mode 100644 word-images/_library/fishy.png
 create mode 100644 word-images/_library/fit.png
 create mode 100644 word-images/_library/five.png
 create mode 100644 word-images/_library/fizz.png
 create mode 100644 word-images/_library/fizzy.png
 create mode 100644 word-images/_library/flag.png
 create mode 100644 word-images/_library/flagpole.png
 create mode 100644 word-images/_library/flake.png
 create mode 100644 word-images/_library/flame.png
 create mode 100644 word-images/_library/flamingo.png
 create mode 100644 word-images/_library/flan.png
 create mode 100644 word-images/_library/flap.png
 create mode 100644 word-images/_library/flapping.png
 create mode 100644 word-images/_library/flare.png
 create mode 100644 word-images/_library/flash.png
 create mode 100644 word-images/_library/flashlight.png
 create mode 100644 word-images/_library/flat.png
 create mode 100644 word-images/_library/flea.png
 create mode 100644 word-images/_library/fleas.png
 create mode 100644 word-images/_library/fleece.png
 create mode 100644 word-images/_library/fleet.png
 create mode 100644 word-images/_library/flew.png
 create mode 100644 word-images/_library/flick.png
 create mode 100644 word-images/_library/flicking.png
 create mode 100644 word-images/_library/flies.png
 create mode 100644 word-images/_library/flight.png
 create mode 100644 word-images/_library/flip.png
 create mode 100644 word-images/_library/flood.png
 create mode 100644 word-images/_library/flooding.png
 create mode 100644 word-images/_library/floor.png
 create mode 100644 word-images/_library/floppy.png
 create mode 100644 word-images/_library/floss.png
 create mode 100644 word-images/_library/flow.png
 create mode 100644 word-images/_library/flower.png
 create mode 100644 word-images/_library/flowy.png
 create mode 100644 word-images/_library/fluff.png
 create mode 100644 word-images/_library/fluffy.png
 create mode 100644 word-images/_library/flush.png
 create mode 100644 word-images/_library/flute.png
 create mode 100644 word-images/_library/flutter.png
 create mode 100644 word-images/_library/fly.png
 create mode 100644 word-images/_library/foal.png
 create mode 100644 word-images/_library/foam.png
 create mode 100644 word-images/_library/fob.png
 create mode 100644 word-images/_library/foe.png
 create mode 100644 word-images/_library/foes.png
 create mode 100644 word-images/_library/fog.png
 create mode 100644 word-images/_library/foggy.png
 create mode 100644 word-images/_library/foil.png
 create mode 100644 word-images/_library/food.png
 create mode 100644 word-images/_library/fool.png
 create mode 100644 word-images/_library/foot.png
 create mode 100644 word-images/_library/forehead.png
 create mode 100644 word-images/_library/fork.png
 create mode 100644 word-images/_library/fort.png
 create mode 100644 word-images/_library/fossil.png
 create mode 100644 word-images/_library/fought.png
 create mode 100644 word-images/_library/four.png
 create mode 100644 word-images/_library/fourth.png
 create mode 100644 word-images/_library/fox.png
 create mode 100644 word-images/_library/foy.png
 create mode 100644 word-images/_library/fragile.png
 create mode 100644 word-images/_library/frail.png
 create mode 100644 word-images/_library/frame.png
 create mode 100644 word-images/_library/fred.png
 create mode 100644 word-images/_library/free.png
 create mode 100644 word-images/_library/freeze.png
 create mode 100644 word-images/_library/fresh.png
 create mode 100644 word-images/_library/fridge.png
 create mode 100644 word-images/_library/fright.png
 create mode 100644 word-images/_library/frill.png
 create mode 100644 word-images/_library/fritter.png
 create mode 100644 word-images/_library/frizzy.png
 create mode 100644 word-images/_library/frog.png
 create mode 100644 word-images/_library/froze.png
 create mode 100644 word-images/_library/frozen.png
 create mode 100644 word-images/_library/fruit.png
 create mode 100644 word-images/_library/fry sauce.png
 create mode 100644 word-images/_library/fudge.png
 create mode 100644 word-images/_library/fudgy.png
 create mode 100644 word-images/_library/fuel.png
 create mode 100644 word-images/_library/fun.png
 create mode 100644 word-images/_library/funny.png
 create mode 100644 word-images/_library/fur.png
 create mode 100644 word-images/_library/furry.png
 create mode 100644 word-images/_library/fuss.png
 create mode 100644 word-images/_library/fussy.png
 create mode 100644 word-images/_library/future.png
 create mode 100644 word-images/_library/fuzz.png
 create mode 100644 word-images/_library/fuzzy.png
 create mode 100644 word-images/_library/gadget.png
 create mode 100644 word-images/_library/gain.png
 create mode 100644 word-images/_library/gal.png
 create mode 100644 word-images/_library/gale.png
 create mode 100644 word-images/_library/gallon.png
 create mode 100644 word-images/_library/game.png
 create mode 100644 word-images/_library/games.png
 create mode 100644 word-images/_library/gap.png
 create mode 100644 word-images/_library/gape.png
 create mode 100644 word-images/_library/gar.png
 create mode 100644 word-images/_library/garage.png
 create mode 100644 word-images/_library/garbage.png
 create mode 100644 word-images/_library/garden.png
 create mode 100644 word-images/_library/gas.png
 create mode 100644 word-images/_library/gash.png
 create mode 100644 word-images/_library/gasses.png
 create mode 100644 word-images/_library/gate.png
 create mode 100644 word-images/_library/gather.png
 create mode 100644 word-images/_library/gator.png
 create mode 100644 word-images/_library/gauze.png
 create mode 100644 word-images/_library/gave.png
 create mode 100644 word-images/_library/gavel.png
 create mode 100644 word-images/_library/gawk.png
 create mode 100644 word-images/_library/gaze.png
 create mode 100644 word-images/_library/gear.png
 create mode 100644 word-images/_library/gearbox.png
 create mode 100644 word-images/_library/geek.png
 create mode 100644 word-images/_library/geese.png
 create mode 100644 word-images/_library/gel.png
 create mode 100644 word-images/_library/gem.png
 create mode 100644 word-images/_library/genie.png
 create mode 100644 word-images/_library/genius.png
 create mode 100644 word-images/_library/germ.png
 create mode 100644 word-images/_library/get.png
 create mode 100644 word-images/_library/geyser.png
 create mode 100644 word-images/_library/ghost.png
 create mode 100644 word-images/_library/ghoul.png
 create mode 100644 word-images/_library/giant.png
 create mode 100644 word-images/_library/gift.png
 create mode 100644 word-images/_library/giggle.png
 create mode 100644 word-images/_library/gild.png
 create mode 100644 word-images/_library/gill.png
 create mode 100644 word-images/_library/giraffe.png
 create mode 100644 word-images/_library/girl.png
 create mode 100644 word-images/_library/give.png
 create mode 100644 word-images/_library/glade.png
 create mode 100644 word-images/_library/glare.png
 create mode 100644 word-images/_library/glares.png
 create mode 100644 word-images/_library/glaring.png
 create mode 100644 word-images/_library/glass.png
 create mode 100644 word-images/_library/glasses.png
 create mode 100644 word-images/_library/glide.png
 create mode 100644 word-images/_library/gliding.png
 create mode 100644 word-images/_library/glitch.png
 create mode 100644 word-images/_library/globe.png
 create mode 100644 word-images/_library/gloss.png
 create mode 100644 word-images/_library/glove.png
 create mode 100644 word-images/_library/glow.png
 create mode 100644 word-images/_library/glowing.png
 create mode 100644 word-images/_library/glue.png
 create mode 100644 word-images/_library/glum.png
 create mode 100644 word-images/_library/glyph.png
 create mode 100644 word-images/_library/gnat.png
 create mode 100644 word-images/_library/gnaw.png
 create mode 100644 word-images/_library/go.png
 create mode 100644 word-images/_library/goal.png
 create mode 100644 word-images/_library/goat.png
 create mode 100644 word-images/_library/goats.png
 create mode 100644 word-images/_library/gob.png
 create mode 100644 word-images/_library/going.png
 create mode 100644 word-images/_library/gold.png
 create mode 100644 word-images/_library/goldfish.png
 create mode 100644 word-images/_library/gone.png
 create mode 100644 word-images/_library/goo.png
 create mode 100644 word-images/_library/goob.png
 create mode 100644 word-images/_library/good.png
 create mode 100644 word-images/_library/goody.png
 create mode 100644 word-images/_library/gooey.png
 create mode 100644 word-images/_library/goof.png
 create mode 100644 word-images/_library/goofy.png
 create mode 100644 word-images/_library/goon.png
 create mode 100644 word-images/_library/goop.png
 create mode 100644 word-images/_library/goopy.png
 create mode 100644 word-images/_library/goose.png
 create mode 100644 word-images/_library/gorilla.png
 create mode 100644 word-images/_library/got.png
 create mode 100644 word-images/_library/gown.png
 create mode 100644 word-images/_library/grab.png
 create mode 100644 word-images/_library/grade.png
 create mode 100644 word-images/_library/grape.png
 create mode 100644 word-images/_library/grapes.png
 create mode 100644 word-images/_library/graph.png
 create mode 100644 word-images/_library/grass.png
 create mode 100644 word-images/_library/grasshopper.png
 create mode 100644 word-images/_library/grate.png
 create mode 100644 word-images/_library/grating.png
 create mode 100644 word-images/_library/grave.png
 create mode 100644 word-images/_library/gravel.png
 create mode 100644 word-images/_library/gravy.png
 create mode 100644 word-images/_library/gray.png
 create mode 100644 word-images/_library/graze.png
 create mode 100644 word-images/_library/grazing.png
 create mode 100644 word-images/_library/great.png
 create mode 100644 word-images/_library/green.png
 create mode 100644 word-images/_library/greenhouse.png
 create mode 100644 word-images/_library/grew.png
 create mode 100644 word-images/_library/griffin.png
 create mode 100644 word-images/_library/grill.png
 create mode 100644 word-images/_library/grind.png
 create mode 100644 word-images/_library/groove.png
 create mode 100644 word-images/_library/gross.png
 create mode 100644 word-images/_library/ground.png
 create mode 100644 word-images/_library/grow.png
 create mode 100644 word-images/_library/growing.png
 create mode 100644 word-images/_library/growl.png
 create mode 100644 word-images/_library/grr.png
 create mode 100644 word-images/_library/grudge.png
 create mode 100644 word-images/_library/grumpy.png
 create mode 100644 word-images/_library/guard.png
 create mode 100644 word-images/_library/guess.png
 create mode 100644 word-images/_library/guest.png
 create mode 100644 word-images/_library/guide.png
 create mode 100644 word-images/_library/guiding.png
 create mode 100644 word-images/_library/guitar.png
 create mode 100644 word-images/_library/gull.png
 create mode 100644 word-images/_library/gum.png
 create mode 100644 word-images/_library/gummy.png
 create mode 100644 word-images/_library/gun.png
 create mode 100644 word-images/_library/guppy.png
 create mode 100644 word-images/_library/gust.png
 create mode 100644 word-images/_library/gut.png
 create mode 100644 word-images/_library/guy.png
 create mode 100644 word-images/_library/guys.png
 create mode 100644 word-images/_library/ha.png
 create mode 100644 word-images/_library/hacker.png
 create mode 100644 word-images/_library/had.png
 create mode 100644 word-images/_library/hag.png
 create mode 100644 word-images/_library/hail.png
 create mode 100644 word-images/_library/hair.png
 create mode 100644 word-images/_library/haircut.png
 create mode 100644 word-images/_library/hairy.png
 create mode 100644 word-images/_library/half.png
 create mode 100644 word-images/_library/hall.png
 create mode 100644 word-images/_library/halo.png
 create mode 100644 word-images/_library/hammer.png
 create mode 100644 word-images/_library/handlebar.png
 create mode 100644 word-images/_library/hang.png
 create mode 100644 word-images/_library/happen.png
 create mode 100644 word-images/_library/happy.png
 create mode 100644 word-images/_library/hard.png
 create mode 100644 word-images/_library/harp.png
 create mode 100644 word-images/_library/harvest.png
 create mode 100644 word-images/_library/has.png
 create mode 100644 word-images/_library/hash.png
 create mode 100644 word-images/_library/hashbrown.png
 create mode 100644 word-images/_library/hassle.png
 create mode 100644 word-images/_library/hat.png
 create mode 100644 word-images/_library/hatch out.png
 create mode 100644 word-images/_library/hatch.png
 create mode 100644 word-images/_library/hatchet.png
 create mode 100644 word-images/_library/hatching.png
 create mode 100644 word-images/_library/hate.png
 create mode 100644 word-images/_library/have.png
 create mode 100644 word-images/_library/hawk.png
 create mode 100644 word-images/_library/hay.png
 create mode 100644 word-images/_library/haze.png
 create mode 100644 word-images/_library/hazy.png
 create mode 100644 word-images/_library/he.png
 create mode 100644 word-images/_library/head.png
 create mode 100644 word-images/_library/heads.png
 create mode 100644 word-images/_library/heal.png
 create mode 100644 word-images/_library/health.png
 create mode 100644 word-images/_library/healthy.png
 create mode 100644 word-images/_library/hear.png
 create mode 100644 word-images/_library/hearing.png
 create mode 100644 word-images/_library/heart.png
 create mode 100644 word-images/_library/heat.png
 create mode 100644 word-images/_library/heave.png
 create mode 100644 word-images/_library/heaven.png
 create mode 100644 word-images/_library/heavy.png
 create mode 100644 word-images/_library/hedge.png
 create mode 100644 word-images/_library/hedgehog.png
 create mode 100644 word-images/_library/hedges.png
 create mode 100644 word-images/_library/heel.png
 create mode 100644 word-images/_library/heifer.png
 create mode 100644 word-images/_library/height.png
 create mode 100644 word-images/_library/hello.png
 create mode 100644 word-images/_library/helping.png
 create mode 100644 word-images/_library/hem.png
 create mode 100644 word-images/_library/hen.png
 create mode 100644 word-images/_library/her.png
 create mode 100644 word-images/_library/here.png
 create mode 100644 word-images/_library/hero.png
 create mode 100644 word-images/_library/heyo.png
 create mode 100644 word-images/_library/hi.png
 create mode 100644 word-images/_library/hiccup.png
 create mode 100644 word-images/_library/hid.png
 create mode 100644 word-images/_library/hide.png
 create mode 100644 word-images/_library/hiding.png
 create mode 100644 word-images/_library/high jump.png
 create mode 100644 word-images/_library/high.png
 create mode 100644 word-images/_library/higher.png
 create mode 100644 word-images/_library/hike.png
 create mode 100644 word-images/_library/hiking.png
 create mode 100644 word-images/_library/hill.png
 create mode 100644 word-images/_library/hilly.png
 create mode 100644 word-images/_library/him.png
 create mode 100644 word-images/_library/hip.png
 create mode 100644 word-images/_library/hippo.png
 create mode 100644 word-images/_library/his.png
 create mode 100644 word-images/_library/hiss.png
 create mode 100644 word-images/_library/hissing.png
 create mode 100644 word-images/_library/hit.png
 create mode 100644 word-images/_library/hitch.png
 create mode 100644 word-images/_library/hitching.png
 create mode 100644 word-images/_library/hive.png
 create mode 100644 word-images/_library/hoard.png
 create mode 100644 word-images/_library/hobby.png
 create mode 100644 word-images/_library/hoe.png
 create mode 100644 word-images/_library/hog.png
 create mode 100644 word-images/_library/hogan.png
 create mode 100644 word-images/_library/hogging.png
 create mode 100644 word-images/_library/hole.png
 create mode 100644 word-images/_library/hollow.png
 create mode 100644 word-images/_library/holly.png
 create mode 100644 word-images/_library/home.png
 create mode 100644 word-images/_library/homework.png
 create mode 100644 word-images/_library/honey.png
 create mode 100644 word-images/_library/hoof.png
 create mode 100644 word-images/_library/hook.png
 create mode 100644 word-images/_library/hoot.png
 create mode 100644 word-images/_library/hop.png
 create mode 100644 word-images/_library/horn.png
 create mode 100644 word-images/_library/horse.png
 create mode 100644 word-images/_library/hose.png
 create mode 100644 word-images/_library/host.png
 create mode 100644 word-images/_library/hot dog.png
 create mode 100644 word-images/_library/hot.png
 create mode 100644 word-images/_library/hotel.png
 create mode 100644 word-images/_library/hotter.png
 create mode 100644 word-images/_library/house.png
 create mode 100644 word-images/_library/hovel.png
 create mode 100644 word-images/_library/hover.png
 create mode 100644 word-images/_library/how.png
 create mode 100644 word-images/_library/howl.png
 create mode 100644 word-images/_library/hub.png
 create mode 100644 word-images/_library/huddle.png
 create mode 100644 word-images/_library/huff.png
 create mode 100644 word-images/_library/hug.png
 create mode 100644 word-images/_library/huge.png
 create mode 100644 word-images/_library/hugger.png
 create mode 100644 word-images/_library/hugging.png
 create mode 100644 word-images/_library/huh.png
 create mode 100644 word-images/_library/hum.png
 create mode 100644 word-images/_library/humming.png
 create mode 100644 word-images/_library/hunch.png
 create mode 100644 word-images/_library/hundred.png
 create mode 100644 word-images/_library/hunt.png
 create mode 100644 word-images/_library/hurray.png
 create mode 100644 word-images/_library/hurry.png
 create mode 100644 word-images/_library/hurt.png
 create mode 100644 word-images/_library/husband.png
 create mode 100644 word-images/_library/hush.png
 create mode 100644 word-images/_library/hut.png
 create mode 100644 word-images/_library/ice.png
 create mode 100644 word-images/_library/iceberg.png
 create mode 100644 word-images/_library/icey.png
=== Tue May 19 15:50:53 MDT 2026 === Pushing 400 files...
To github.com:beehivespeechtherapy/Speech-Therapy-Games.git
   c062298..7de741c  master -> master
=== Tue May 19 15:52:21 MDT 2026 === Batch 3 pushed (400 files).
=== Tue May 19 15:52:21 MDT 2026 === Batch 4: 1628 PNGs left; staging up to 400...
[master 9cb615a] Add _library clipart (batch 4)
 400 files changed, 0 insertions(+), 0 deletions(-)
 create mode 100644 word-images/_library/ick.png
 create mode 100644 word-images/_library/icky.png
 create mode 100644 word-images/_library/igloo.png
 create mode 100644 word-images/_library/ignore.png
 create mode 100644 word-images/_library/iguana.png
 create mode 100644 word-images/_library/ill.png
 create mode 100644 word-images/_library/in.png
 create mode 100644 word-images/_library/inhale.png
 create mode 100644 word-images/_library/ink.png
 create mode 100644 word-images/_library/insect.png
 create mode 100644 word-images/_library/is.png
 create mode 100644 word-images/_library/it.png
 create mode 100644 word-images/_library/itch.png
 create mode 100644 word-images/_library/itchy.png
 create mode 100644 word-images/_library/jab.png
 create mode 100644 word-images/_library/jacket.png
 create mode 100644 word-images/_library/jade.png
 create mode 100644 word-images/_library/jag.png
 create mode 100644 word-images/_library/jaguar.png
 create mode 100644 word-images/_library/jail.png
 create mode 100644 word-images/_library/jam.png
 create mode 100644 word-images/_library/jar.png
 create mode 100644 word-images/_library/jaw.png
 create mode 100644 word-images/_library/jay.png
 create mode 100644 word-images/_library/jazz.png
 create mode 100644 word-images/_library/jealous.png
 create mode 100644 word-images/_library/jeans.png
 create mode 100644 word-images/_library/jeep.png
 create mode 100644 word-images/_library/jello.png
 create mode 100644 word-images/_library/jelly.png
 create mode 100644 word-images/_library/jet.png
 create mode 100644 word-images/_library/jewel.png
 create mode 100644 word-images/_library/job.png
 create mode 100644 word-images/_library/jock.png
 create mode 100644 word-images/_library/jockey.png
 create mode 100644 word-images/_library/jog.png
 create mode 100644 word-images/_library/jogging.png
 create mode 100644 word-images/_library/joke.png
 create mode 100644 word-images/_library/joker.png
 create mode 100644 word-images/_library/jowl.png
 create mode 100644 word-images/_library/joy.png
 create mode 100644 word-images/_library/judge.png
 create mode 100644 word-images/_library/jug.png
 create mode 100644 word-images/_library/juggle.png
 create mode 100644 word-images/_library/juice.png
 create mode 100644 word-images/_library/jump.png
 create mode 100644 word-images/_library/jury.png
 create mode 100644 word-images/_library/kale.png
 create mode 100644 word-images/_library/kayak.png
 create mode 100644 word-images/_library/keel.png
 create mode 100644 word-images/_library/keep.png
 create mode 100644 word-images/_library/keg.png
 create mode 100644 word-images/_library/ken.png
 create mode 100644 word-images/_library/ketchup.png
 create mode 100644 word-images/_library/kevin.png
 create mode 100644 word-images/_library/key.png
 create mode 100644 word-images/_library/keys.png
 create mode 100644 word-images/_library/kibble.png
 create mode 100644 word-images/_library/kick.png
 create mode 100644 word-images/_library/kid.png
 create mode 100644 word-images/_library/kiddy.png
 create mode 100644 word-images/_library/kin.png
 create mode 100644 word-images/_library/kind.png
 create mode 100644 word-images/_library/king.png
 create mode 100644 word-images/_library/kiss.png
 create mode 100644 word-images/_library/kissing.png
 create mode 100644 word-images/_library/kit.png
 create mode 100644 word-images/_library/kitchen.png
 create mode 100644 word-images/_library/kite.png
 create mode 100644 word-images/_library/kitten.png
 create mode 100644 word-images/_library/kitty.png
 create mode 100644 word-images/_library/kiwi.png
 create mode 100644 word-images/_library/knack.png
 create mode 100644 word-images/_library/knee.png
 create mode 100644 word-images/_library/kneel.png
 create mode 100644 word-images/_library/knees.png
 create mode 100644 word-images/_library/knife.png
 create mode 100644 word-images/_library/knight.png
 create mode 100644 word-images/_library/knob.png
 create mode 100644 word-images/_library/knock.png
 create mode 100644 word-images/_library/knot.png
 create mode 100644 word-images/_library/knuckle.png
 create mode 100644 word-images/_library/koala.png
 create mode 100644 word-images/_library/koi.png
 create mode 100644 word-images/_library/krill.png
 create mode 100644 word-images/_library/lab.png
 create mode 100644 word-images/_library/label.png
 create mode 100644 word-images/_library/labor.png
 create mode 100644 word-images/_library/lace.png
 create mode 100644 word-images/_library/lacey.png
 create mode 100644 word-images/_library/lacquer.png
 create mode 100644 word-images/_library/lacy.png
 create mode 100644 word-images/_library/lad.png
 create mode 100644 word-images/_library/ladder.png
 create mode 100644 word-images/_library/ladle.png
 create mode 100644 word-images/_library/lady.png
 create mode 100644 word-images/_library/lag.png
 create mode 100644 word-images/_library/lagger.png
 create mode 100644 word-images/_library/lagging.png
 create mode 100644 word-images/_library/laid.png
 create mode 100644 word-images/_library/lair.png
 create mode 100644 word-images/_library/lake.png
 create mode 100644 word-images/_library/lamb.png
 create mode 100644 word-images/_library/lame.png
 create mode 100644 word-images/_library/lamp.png
 create mode 100644 word-images/_library/land.png
 create mode 100644 word-images/_library/lane.png
 create mode 100644 word-images/_library/lap.png
 create mode 100644 word-images/_library/lapping.png
 create mode 100644 word-images/_library/lard.png
 create mode 100644 word-images/_library/large.png
 create mode 100644 word-images/_library/larger.png
 create mode 100644 word-images/_library/lark.png
 create mode 100644 word-images/_library/laser.png
 create mode 100644 word-images/_library/lash.png
 create mode 100644 word-images/_library/lashes.png
 create mode 100644 word-images/_library/lass.png
 create mode 100644 word-images/_library/lasso.png
 create mode 100644 word-images/_library/latch.png
 create mode 100644 word-images/_library/latching.png
 create mode 100644 word-images/_library/late.png
 create mode 100644 word-images/_library/later.png
 create mode 100644 word-images/_library/lathe.png
 create mode 100644 word-images/_library/lattice.png
 create mode 100644 word-images/_library/laugh.png
 create mode 100644 word-images/_library/laughing.png
 create mode 100644 word-images/_library/laughter.png
 create mode 100644 word-images/_library/launch.png
 create mode 100644 word-images/_library/launcher.png
 create mode 100644 word-images/_library/laundry.png
 create mode 100644 word-images/_library/laurel.png
 create mode 100644 word-images/_library/lava.png
 create mode 100644 word-images/_library/lavendar.png
 create mode 100644 word-images/_library/law.png
 create mode 100644 word-images/_library/lawn.png
 create mode 100644 word-images/_library/lay.png
 create mode 100644 word-images/_library/layer.png
 create mode 100644 word-images/_library/lazy.png
 create mode 100644 word-images/_library/lead.png
 create mode 100644 word-images/_library/leaf.png
 create mode 100644 word-images/_library/leafy.png
 create mode 100644 word-images/_library/league.png
 create mode 100644 word-images/_library/leak.png
 create mode 100644 word-images/_library/leaking.png
 create mode 100644 word-images/_library/leaky.png
 create mode 100644 word-images/_library/lean.png
 create mode 100644 word-images/_library/leap.png
 create mode 100644 word-images/_library/leaping.png
 create mode 100644 word-images/_library/learning.png
 create mode 100644 word-images/_library/leash.png
 create mode 100644 word-images/_library/leather.png
 create mode 100644 word-images/_library/leave.png
 create mode 100644 word-images/_library/leaving.png
 create mode 100644 word-images/_library/led.png
 create mode 100644 word-images/_library/ledge.png
 create mode 100644 word-images/_library/ledges.png
 create mode 100644 word-images/_library/leech.png
 create mode 100644 word-images/_library/leeches.png
 create mode 100644 word-images/_library/leg.png
 create mode 100644 word-images/_library/legend.png
 create mode 100644 word-images/_library/lego.png
 create mode 100644 word-images/_library/legs.png
 create mode 100644 word-images/_library/lemon.png
 create mode 100644 word-images/_library/lentil.png
 create mode 100644 word-images/_library/leopard.png
 create mode 100644 word-images/_library/less.png
 create mode 100644 word-images/_library/lesson.png
 create mode 100644 word-images/_library/let.png
 create mode 100644 word-images/_library/letter.png
 create mode 100644 word-images/_library/lettuce.png
 create mode 100644 word-images/_library/lever.png
 create mode 100644 word-images/_library/liar.png
 create mode 100644 word-images/_library/lice.png
 create mode 100644 word-images/_library/lichen.png
 create mode 100644 word-images/_library/lick.png
 create mode 100644 word-images/_library/lid.png
 create mode 100644 word-images/_library/lie.png
 create mode 100644 word-images/_library/lied.png
 create mode 100644 word-images/_library/lies.png
 create mode 100644 word-images/_library/life.png
 create mode 100644 word-images/_library/light.png
 create mode 100644 word-images/_library/lighthouse.png
 create mode 100644 word-images/_library/like.png
 create mode 100644 word-images/_library/lime.png
 create mode 100644 word-images/_library/limpet.png
 create mode 100644 word-images/_library/line.png
 create mode 100644 word-images/_library/lion.png
 create mode 100644 word-images/_library/lip.png
 create mode 100644 word-images/_library/lips.png
 create mode 100644 word-images/_library/listen.png
 create mode 100644 word-images/_library/lit.png
 create mode 100644 word-images/_library/little.png
 create mode 100644 word-images/_library/live.png
 create mode 100644 word-images/_library/living.png
 create mode 100644 word-images/_library/lizard.png
 create mode 100644 word-images/_library/llama.png
 create mode 100644 word-images/_library/loach.png
 create mode 100644 word-images/_library/load.png
 create mode 100644 word-images/_library/loading.png
 create mode 100644 word-images/_library/loaf.png
 create mode 100644 word-images/_library/loafer.png
 create mode 100644 word-images/_library/loathe.png
 create mode 100644 word-images/_library/lobby.png
 create mode 100644 word-images/_library/lobe.png
 create mode 100644 word-images/_library/lobster.png
 create mode 100644 word-images/_library/lock.png
 create mode 100644 word-images/_library/locker.png
 create mode 100644 word-images/_library/locket.png
 create mode 100644 word-images/_library/locking.png
 create mode 100644 word-images/_library/lodge.png
 create mode 100644 word-images/_library/log.png
 create mode 100644 word-images/_library/logger.png
 create mode 100644 word-images/_library/logo.png
 create mode 100644 word-images/_library/long.png
 create mode 100644 word-images/_library/loop.png
 create mode 100644 word-images/_library/looping.png
 create mode 100644 word-images/_library/loopy.png
 create mode 100644 word-images/_library/loose.png
 create mode 100644 word-images/_library/looting.png
 create mode 100644 word-images/_library/lope.png
 create mode 100644 word-images/_library/loping.png
 create mode 100644 word-images/_library/lose.png
 create mode 100644 word-images/_library/losing.png
 create mode 100644 word-images/_library/lot.png
 create mode 100644 word-images/_library/lotion.png
 create mode 100644 word-images/_library/loud.png
 create mode 100644 word-images/_library/love.png
 create mode 100644 word-images/_library/loving.png
 create mode 100644 word-images/_library/low.png
 create mode 100644 word-images/_library/lower.png
 create mode 100644 word-images/_library/loyal.png
 create mode 100644 word-images/_library/luck.png
 create mode 100644 word-images/_library/lucky.png
 create mode 100644 word-images/_library/lug.png
 create mode 100644 word-images/_library/lump.png
 create mode 100644 word-images/_library/lunch.png
 create mode 100644 word-images/_library/lung.png
 create mode 100644 word-images/_library/lure.png
 create mode 100644 word-images/_library/lute.png
 create mode 100644 word-images/_library/lynn.png
 create mode 100644 word-images/_library/mace.png
 create mode 100644 word-images/_library/mad.png
 create mode 100644 word-images/_library/magic.png
 create mode 100644 word-images/_library/magnet.png
 create mode 100644 word-images/_library/magpie.png
 create mode 100644 word-images/_library/maid.png
 create mode 100644 word-images/_library/mail.png
 create mode 100644 word-images/_library/mailbox.png
 create mode 100644 word-images/_library/mailing.png
 create mode 100644 word-images/_library/major.png
 create mode 100644 word-images/_library/make.png
 create mode 100644 word-images/_library/maker.png
 create mode 100644 word-images/_library/mall.png
 create mode 100644 word-images/_library/man.png
 create mode 100644 word-images/_library/mane.png
 create mode 100644 word-images/_library/mansion.png
 create mode 100644 word-images/_library/many.png
 create mode 100644 word-images/_library/map.png
 create mode 100644 word-images/_library/maple.png
 create mode 100644 word-images/_library/mapping.png
 create mode 100644 word-images/_library/marble.png
 create mode 100644 word-images/_library/march.png
 create mode 100644 word-images/_library/marcher.png
 create mode 100644 word-images/_library/marching.png
 create mode 100644 word-images/_library/mare.png
 create mode 100644 word-images/_library/marker.png
 create mode 100644 word-images/_library/market.png
 create mode 100644 word-images/_library/marry.png
 create mode 100644 word-images/_library/marsh.png
 create mode 100644 word-images/_library/marshal.png
 create mode 100644 word-images/_library/marshmallow.png
 create mode 100644 word-images/_library/marshy.png
 create mode 100644 word-images/_library/mash.png
 create mode 100644 word-images/_library/mashing.png
 create mode 100644 word-images/_library/mason.png
 create mode 100644 word-images/_library/mat.png
 create mode 100644 word-images/_library/match.png
 create mode 100644 word-images/_library/matches.png
 create mode 100644 word-images/_library/matching.png
 create mode 100644 word-images/_library/math.png
 create mode 100644 word-images/_library/matter.png
 create mode 100644 word-images/_library/maw.png
 create mode 100644 word-images/_library/maybe.png
 create mode 100644 word-images/_library/mayo.png
 create mode 100644 word-images/_library/mayor.png
 create mode 100644 word-images/_library/maze.png
 create mode 100644 word-images/_library/me.png
 create mode 100644 word-images/_library/meadow.png
 create mode 100644 word-images/_library/mean.png
 create mode 100644 word-images/_library/measure.png
 create mode 100644 word-images/_library/meat.png
 create mode 100644 word-images/_library/medal.png
 create mode 100644 word-images/_library/melon.png
 create mode 100644 word-images/_library/mermaid.png
 create mode 100644 word-images/_library/mesh.png
 create mode 100644 word-images/_library/mess.png
 create mode 100644 word-images/_library/messy.png
 create mode 100644 word-images/_library/metal.png
 create mode 100644 word-images/_library/mic.png
 create mode 100644 word-images/_library/mice.png
 create mode 100644 word-images/_library/middle.png
 create mode 100644 word-images/_library/miff.png
 create mode 100644 word-images/_library/mighty.png
 create mode 100644 word-images/_library/mile.png
 create mode 100644 word-images/_library/milk.png
 create mode 100644 word-images/_library/milkshake.png
 create mode 100644 word-images/_library/mill.png
 create mode 100644 word-images/_library/million.png
 create mode 100644 word-images/_library/mine.png
 create mode 100644 word-images/_library/minnow.png
 create mode 100644 word-images/_library/miracle.png
 create mode 100644 word-images/_library/miss.png
 create mode 100644 word-images/_library/mission.png
 create mode 100644 word-images/_library/mitt.png
 create mode 100644 word-images/_library/mitten.png
 create mode 100644 word-images/_library/moat.png
 create mode 100644 word-images/_library/mob.png
 create mode 100644 word-images/_library/mock.png
 create mode 100644 word-images/_library/molar.png
 create mode 100644 word-images/_library/mole.png
 create mode 100644 word-images/_library/mom.png
 create mode 100644 word-images/_library/money.png
 create mode 100644 word-images/_library/moo.png
 create mode 100644 word-images/_library/mood.png
 create mode 100644 word-images/_library/moody.png
 create mode 100644 word-images/_library/moon.png
 create mode 100644 word-images/_library/moose.png
 create mode 100644 word-images/_library/mop.png
 create mode 100644 word-images/_library/mopping.png
 create mode 100644 word-images/_library/more.png
 create mode 100644 word-images/_library/moss.png
 create mode 100644 word-images/_library/mossy.png
 create mode 100644 word-images/_library/moth.png
 create mode 100644 word-images/_library/mother.png
 create mode 100644 word-images/_library/mountain.png
 create mode 100644 word-images/_library/mouse.png
 create mode 100644 word-images/_library/mouth.png
 create mode 100644 word-images/_library/mouthwash.png
 create mode 100644 word-images/_library/move.png
 create mode 100644 word-images/_library/movie.png
 create mode 100644 word-images/_library/moving.png
 create mode 100644 word-images/_library/mow.png
 create mode 100644 word-images/_library/mower.png
 create mode 100644 word-images/_library/mows.png
 create mode 100644 word-images/_library/much.png
 create mode 100644 word-images/_library/muck.png
 create mode 100644 word-images/_library/mucky.png
 create mode 100644 word-images/_library/mud.png
 create mode 100644 word-images/_library/muddy.png
 create mode 100644 word-images/_library/muff.png
 create mode 100644 word-images/_library/muffin.png
 create mode 100644 word-images/_library/mug.png
 create mode 100644 word-images/_library/muggy.png
 create mode 100644 word-images/_library/muscle.png
 create mode 100644 word-images/_library/mush.png
 create mode 100644 word-images/_library/mushroom.png
 create mode 100644 word-images/_library/mushy.png
 create mode 100644 word-images/_library/music.png
 create mode 100644 word-images/_library/mustard.png
 create mode 100644 word-images/_library/mutt.png
 create mode 100644 word-images/_library/mutter.png
 create mode 100644 word-images/_library/muzzle.png
 create mode 100644 word-images/_library/my.png
 create mode 100644 word-images/_library/mystery.png
 create mode 100644 word-images/_library/myth.png
 create mode 100644 word-images/_library/nab.png
 create mode 100644 word-images/_library/nachos.png
 create mode 100644 word-images/_library/nag.png
 create mode 100644 word-images/_library/nah.png
 create mode 100644 word-images/_library/nail.png
 create mode 100644 word-images/_library/name.png
 create mode 100644 word-images/_library/nap.png
 create mode 100644 word-images/_library/napping.png
 create mode 100644 word-images/_library/narwhal.png
 create mode 100644 word-images/_library/nash.png
 create mode 100644 word-images/_library/nature.png
 create mode 100644 word-images/_library/navy.png
 create mode 100644 word-images/_library/near.png
 create mode 100644 word-images/_library/nearby.png
 create mode 100644 word-images/_library/neat.png
 create mode 100644 word-images/_library/neater.png
 create mode 100644 word-images/_library/neck.png
 create mode 100644 word-images/_library/needle.png
 create mode 100644 word-images/_library/neigh.png
 create mode 100644 word-images/_library/neighbor.png
 create mode 100644 word-images/_library/neither.png
 create mode 100644 word-images/_library/nerve.png
 create mode 100644 word-images/_library/nest.png
 create mode 100644 word-images/_library/net.png
 create mode 100644 word-images/_library/nettle.png
 create mode 100644 word-images/_library/news.png
 create mode 100644 word-images/_library/nice.png
 create mode 100644 word-images/_library/nickel.png
 create mode 100644 word-images/_library/nicker.png
 create mode 100644 word-images/_library/niece.png
 create mode 100644 word-images/_library/night.png
 create mode 100644 word-images/_library/nip.png
 create mode 100644 word-images/_library/no.png
 create mode 100644 word-images/_library/nod.png
 create mode 100644 word-images/_library/nodding.png
=== Tue May 19 15:52:33 MDT 2026 === Pushing 400 files...
To github.com:beehivespeechtherapy/Speech-Therapy-Games.git
   7de741c..9cb615a  master -> master
=== Tue May 19 15:54:37 MDT 2026 === Batch 4 pushed (400 files).
=== Tue May 19 15:54:37 MDT 2026 === Batch 5: 1228 PNGs left; staging up to 400...
[master 79a8fe4] Add _library clipart (batch 5)
 400 files changed, 0 insertions(+), 0 deletions(-)
 create mode 100644 word-images/_library/noggin.png
 create mode 100644 word-images/_library/noise.png
 create mode 100644 word-images/_library/noisy.png
 create mode 100644 word-images/_library/noodle.png
 create mode 100644 word-images/_library/nope.png
 create mode 100644 word-images/_library/nose.png
 create mode 100644 word-images/_library/notch.png
 create mode 100644 word-images/_library/note.png
 create mode 100644 word-images/_library/nothing.png
 create mode 100644 word-images/_library/nub.png
 create mode 100644 word-images/_library/nudge.png
 create mode 100644 word-images/_library/nugget.png
 create mode 100644 word-images/_library/number.png
 create mode 100644 word-images/_library/nurse.png
 create mode 100644 word-images/_library/nut.png
 create mode 100644 word-images/_library/nutty.png
 create mode 100644 word-images/_library/nuzzle.png
 create mode 100644 word-images/_library/oaf.png
 create mode 100644 word-images/_library/oak.png
 create mode 100644 word-images/_library/oar.png
 create mode 100644 word-images/_library/oat.png
 create mode 100644 word-images/_library/oath.png
 create mode 100644 word-images/_library/oboe.png
 create mode 100644 word-images/_library/ocean.png
 create mode 100644 word-images/_library/ocho.png
 create mode 100644 word-images/_library/odd.png
 create mode 100644 word-images/_library/odor.png
 create mode 100644 word-images/_library/off.png
 create mode 100644 word-images/_library/offer.png
 create mode 100644 word-images/_library/office.png
 create mode 100644 word-images/_library/ogre.png
 create mode 100644 word-images/_library/oh yikes.png
 create mode 100644 word-images/_library/oi.png
 create mode 100644 word-images/_library/oil.png
 create mode 100644 word-images/_library/okay.png
 create mode 100644 word-images/_library/okra.png
 create mode 100644 word-images/_library/olive.png
 create mode 100644 word-images/_library/on.png
 create mode 100644 word-images/_library/one.png
 create mode 100644 word-images/_library/onion.png
 create mode 100644 word-images/_library/oof.png
 create mode 100644 word-images/_library/ooh.png
 create mode 100644 word-images/_library/ooze.png
 create mode 100644 word-images/_library/opal.png
 create mode 100644 word-images/_library/open.png
 create mode 100644 word-images/_library/ore.png
 create mode 100644 word-images/_library/oryx.png
 create mode 100644 word-images/_library/other.png
 create mode 100644 word-images/_library/otter.png
 create mode 100644 word-images/_library/ouch.png
 create mode 100644 word-images/_library/oval.png
 create mode 100644 word-images/_library/oven.png
 create mode 100644 word-images/_library/over.png
 create mode 100644 word-images/_library/overalls.png
 create mode 100644 word-images/_library/ow.png
 create mode 100644 word-images/_library/owl.png
 create mode 100644 word-images/_library/own.png
 create mode 100644 word-images/_library/ox.png
 create mode 100644 word-images/_library/ozone.png
 create mode 100644 word-images/_library/pace.png
 create mode 100644 word-images/_library/pacifier.png
 create mode 100644 word-images/_library/pack.png
 create mode 100644 word-images/_library/packing.png
 create mode 100644 word-images/_library/pad.png
 create mode 100644 word-images/_library/paddle.png
 create mode 100644 word-images/_library/page.png
 create mode 100644 word-images/_library/pager.png
 create mode 100644 word-images/_library/pages.png
 create mode 100644 word-images/_library/paid.png
 create mode 100644 word-images/_library/pail.png
 create mode 100644 word-images/_library/pain.png
 create mode 100644 word-images/_library/paint.png
 create mode 100644 word-images/_library/pair.png
 create mode 100644 word-images/_library/pajamas.png
 create mode 100644 word-images/_library/pan.png
 create mode 100644 word-images/_library/pancake.png
 create mode 100644 word-images/_library/panda.png
 create mode 100644 word-images/_library/pant.png
 create mode 100644 word-images/_library/panther.png
 create mode 100644 word-images/_library/pants.png
 create mode 100644 word-images/_library/papa.png
 create mode 100644 word-images/_library/paper.png
 create mode 100644 word-images/_library/par.png
 create mode 100644 word-images/_library/pardon.png
 create mode 100644 word-images/_library/parent.png
 create mode 100644 word-images/_library/park.png
 create mode 100644 word-images/_library/parrot.png
 create mode 100644 word-images/_library/part.png
 create mode 100644 word-images/_library/party.png
 create mode 100644 word-images/_library/pass.png
 create mode 100644 word-images/_library/passing.png
 create mode 100644 word-images/_library/pasta.png
 create mode 100644 word-images/_library/pat.png
 create mode 100644 word-images/_library/patch.png
 create mode 100644 word-images/_library/patching.png
 create mode 100644 word-images/_library/path.png
 create mode 100644 word-images/_library/pathway.png
 create mode 100644 word-images/_library/pattern.png
 create mode 100644 word-images/_library/patting.png
 create mode 100644 word-images/_library/pave.png
 create mode 100644 word-images/_library/paving.png
 create mode 100644 word-images/_library/paw.png
 create mode 100644 word-images/_library/pay.png
 create mode 100644 word-images/_library/payer.png
 create mode 100644 word-images/_library/paying.png
 create mode 100644 word-images/_library/pays.png
 create mode 100644 word-images/_library/peace.png
 create mode 100644 word-images/_library/peach.png
 create mode 100644 word-images/_library/peaches.png
 create mode 100644 word-images/_library/peak.png
 create mode 100644 word-images/_library/peanut.png
 create mode 100644 word-images/_library/pear.png
 create mode 100644 word-images/_library/pearl.png
 create mode 100644 word-images/_library/peas.png
 create mode 100644 word-images/_library/peasant.png
 create mode 100644 word-images/_library/pebble.png
 create mode 100644 word-images/_library/pecan.png
 create mode 100644 word-images/_library/peck.png
 create mode 100644 word-images/_library/pedal.png
 create mode 100644 word-images/_library/peek.png
 create mode 100644 word-images/_library/peel.png
 create mode 100644 word-images/_library/peep.png
 create mode 100644 word-images/_library/peering.png
 create mode 100644 word-images/_library/peg.png
 create mode 100644 word-images/_library/pelican.png
 create mode 100644 word-images/_library/pen.png
 create mode 100644 word-images/_library/pencil.png
 create mode 100644 word-images/_library/penny.png
 create mode 100644 word-images/_library/perfume.png
 create mode 100644 word-images/_library/period.png
 create mode 100644 word-images/_library/person.png
 create mode 100644 word-images/_library/pest.png
 create mode 100644 word-images/_library/pet.png
 create mode 100644 word-images/_library/petal.png
 create mode 100644 word-images/_library/pew.png
 create mode 100644 word-images/_library/phase.png
 create mode 100644 word-images/_library/phone.png
 create mode 100644 word-images/_library/piano.png
 create mode 100644 word-images/_library/pick.png
 create mode 100644 word-images/_library/picker.png
 create mode 100644 word-images/_library/picking.png
 create mode 100644 word-images/_library/pickle.png
 create mode 100644 word-images/_library/pickup.png
 create mode 100644 word-images/_library/picnic.png
 create mode 100644 word-images/_library/pie.png
 create mode 100644 word-images/_library/piece.png
 create mode 100644 word-images/_library/pier.png
 create mode 100644 word-images/_library/pies.png
 create mode 100644 word-images/_library/pig.png
 create mode 100644 word-images/_library/pigeon.png
 create mode 100644 word-images/_library/piggy.png
 create mode 100644 word-images/_library/pigpen.png
 create mode 100644 word-images/_library/pike.png
 create mode 100644 word-images/_library/pile.png
 create mode 100644 word-images/_library/pill.png
 create mode 100644 word-images/_library/pillage.png
 create mode 100644 word-images/_library/pillow.png
 create mode 100644 word-images/_library/pin.png
 create mode 100644 word-images/_library/pinch.png
 create mode 100644 word-images/_library/pinching.png
 create mode 100644 word-images/_library/pine.png
 create mode 100644 word-images/_library/ping.png
 create mode 100644 word-images/_library/pink.png
 create mode 100644 word-images/_library/pinned.png
 create mode 100644 word-images/_library/pint.png
 create mode 100644 word-images/_library/pioneer.png
 create mode 100644 word-images/_library/pirate.png
 create mode 100644 word-images/_library/pistol.png
 create mode 100644 word-images/_library/pit.png
 create mode 100644 word-images/_library/pita.png
 create mode 100644 word-images/_library/pitch.png
 create mode 100644 word-images/_library/pitcher.png
 create mode 100644 word-images/_library/place.png
 create mode 100644 word-images/_library/plan.png
 create mode 100644 word-images/_library/plane.png
 create mode 100644 word-images/_library/planet.png
 create mode 100644 word-images/_library/plant.png
 create mode 100644 word-images/_library/plate.png
 create mode 100644 word-images/_library/play.png
 create mode 100644 word-images/_library/please.png
 create mode 100644 word-images/_library/plop.png
 create mode 100644 word-images/_library/plot.png
 create mode 100644 word-images/_library/plow.png
 create mode 100644 word-images/_library/pluck.png
 create mode 100644 word-images/_library/plug.png
 create mode 100644 word-images/_library/plume.png
 create mode 100644 word-images/_library/pod.png
 create mode 100644 word-images/_library/poi.png
 create mode 100644 word-images/_library/poison.png
 create mode 100644 word-images/_library/poke.png
 create mode 100644 word-images/_library/poker.png
 create mode 100644 word-images/_library/poking.png
 create mode 100644 word-images/_library/pole.png
 create mode 100644 word-images/_library/polka.png
 create mode 100644 word-images/_library/polo.png
 create mode 100644 word-images/_library/pond.png
 create mode 100644 word-images/_library/ponder.png
 create mode 100644 word-images/_library/pony.png
 create mode 100644 word-images/_library/pool.png
 create mode 100644 word-images/_library/pop tart.png
 create mode 100644 word-images/_library/pop.png
 create mode 100644 word-images/_library/pork.png
 create mode 100644 word-images/_library/port.png
 create mode 100644 word-images/_library/pose.png
 create mode 100644 word-images/_library/possum.png
 create mode 100644 word-images/_library/poster.png
 create mode 100644 word-images/_library/pot.png
 create mode 100644 word-images/_library/pothole.png
 create mode 100644 word-images/_library/potion.png
 create mode 100644 word-images/_library/pour.png
 create mode 100644 word-images/_library/pow.png
 create mode 100644 word-images/_library/power.png
 create mode 100644 word-images/_library/pox.png
 create mode 100644 word-images/_library/prance.png
 create mode 100644 word-images/_library/prawn.png
 create mode 100644 word-images/_library/pray.png
 create mode 100644 word-images/_library/preacher.png
 create mode 100644 word-images/_library/present.png
 create mode 100644 word-images/_library/pressure.png
 create mode 100644 word-images/_library/pretty.png
 create mode 100644 word-images/_library/price.png
 create mode 100644 word-images/_library/prick.png
 create mode 100644 word-images/_library/prince.png
 create mode 100644 word-images/_library/princess.png
 create mode 100644 word-images/_library/print.png
 create mode 100644 word-images/_library/prissy.png
 create mode 100644 word-images/_library/prize.png
 create mode 100644 word-images/_library/pro.png
 create mode 100644 word-images/_library/problem.png
 create mode 100644 word-images/_library/project.png
 create mode 100644 word-images/_library/pros.png
 create mode 100644 word-images/_library/prune.png
 create mode 100644 word-images/_library/pry.png
 create mode 100644 word-images/_library/puck.png
 create mode 100644 word-images/_library/pudding.png
 create mode 100644 word-images/_library/puddle.png
 create mode 100644 word-images/_library/pudgy.png
 create mode 100644 word-images/_library/puff.png
 create mode 100644 word-images/_library/puffin.png
 create mode 100644 word-images/_library/puffy.png
 create mode 100644 word-images/_library/pug.png
 create mode 100644 word-images/_library/puggle.png
 create mode 100644 word-images/_library/pull.png
 create mode 100644 word-images/_library/pump.png
 create mode 100644 word-images/_library/pup.png
 create mode 100644 word-images/_library/puppet.png
 create mode 100644 word-images/_library/puppy.png
 create mode 100644 word-images/_library/purple.png
 create mode 100644 word-images/_library/purr.png
 create mode 100644 word-images/_library/purring.png
 create mode 100644 word-images/_library/push.png
 create mode 100644 word-images/_library/pushing.png
 create mode 100644 word-images/_library/pushup.png
 create mode 100644 word-images/_library/pushups.png
 create mode 100644 word-images/_library/put.png
 create mode 100644 word-images/_library/putt.png
 create mode 100644 word-images/_library/putting.png
 create mode 100644 word-images/_library/putty.png
 create mode 100644 word-images/_library/puzzle.png
 create mode 100644 word-images/_library/python.png
 create mode 100644 word-images/_library/quail.png
 create mode 100644 word-images/_library/quest.png
 create mode 100644 word-images/_library/rabbit.png
 create mode 100644 word-images/_library/rabble.png
 create mode 100644 word-images/_library/raccoon.png
 create mode 100644 word-images/_library/race.png
 create mode 100644 word-images/_library/racer.png
 create mode 100644 word-images/_library/racing.png
 create mode 100644 word-images/_library/rack.png
 create mode 100644 word-images/_library/rad.png
 create mode 100644 word-images/_library/radio.png
 create mode 100644 word-images/_library/radish.png
 create mode 100644 word-images/_library/raffle.png
 create mode 100644 word-images/_library/rag.png
 create mode 100644 word-images/_library/rage.png
 create mode 100644 word-images/_library/raging.png
 create mode 100644 word-images/_library/raid.png
 create mode 100644 word-images/_library/rail.png
 create mode 100644 word-images/_library/rain.png
 create mode 100644 word-images/_library/rainbow.png
 create mode 100644 word-images/_library/raindrops.png
 create mode 100644 word-images/_library/raining.png
 create mode 100644 word-images/_library/rainy.png
 create mode 100644 word-images/_library/raise.png
 create mode 100644 word-images/_library/raisin.png
 create mode 100644 word-images/_library/rake.png
 create mode 100644 word-images/_library/raking.png
 create mode 100644 word-images/_library/ram.png
 create mode 100644 word-images/_library/ramming.png
 create mode 100644 word-images/_library/ran.png
 create mode 100644 word-images/_library/ranch.png
 create mode 100644 word-images/_library/rang.png
 create mode 100644 word-images/_library/rangoon.png
 create mode 100644 word-images/_library/rascal.png
 create mode 100644 word-images/_library/rash.png
 create mode 100644 word-images/_library/rat.png
 create mode 100644 word-images/_library/ratchet.png
 create mode 100644 word-images/_library/rate.png
 create mode 100644 word-images/_library/rather.png
 create mode 100644 word-images/_library/rating.png
 create mode 100644 word-images/_library/rave.png
 create mode 100644 word-images/_library/raven.png
 create mode 100644 word-images/_library/raw.png
 create mode 100644 word-images/_library/ray gun.png
 create mode 100644 word-images/_library/ray.png
 create mode 100644 word-images/_library/rays.png
 create mode 100644 word-images/_library/razor.png
 create mode 100644 word-images/_library/reaching.png
 create mode 100644 word-images/_library/read.png
 create mode 100644 word-images/_library/reading.png
 create mode 100644 word-images/_library/ready.png
 create mode 100644 word-images/_library/real.png
 create mode 100644 word-images/_library/reason.png
 create mode 100644 word-images/_library/red.png
 create mode 100644 word-images/_library/redhead.png
 create mode 100644 word-images/_library/reef.png
 create mode 100644 word-images/_library/reek.png
 create mode 100644 word-images/_library/refuse.png
 create mode 100644 word-images/_library/region.png
 create mode 100644 word-images/_library/remote.png
 create mode 100644 word-images/_library/repair.png
 create mode 100644 word-images/_library/revving.png
 create mode 100644 word-images/_library/rib.png
 create mode 100644 word-images/_library/ribbit.png
 create mode 100644 word-images/_library/ribbon.png
 create mode 100644 word-images/_library/ribbons.png
 create mode 100644 word-images/_library/ribs.png
 create mode 100644 word-images/_library/rice.png
 create mode 100644 word-images/_library/rich.png
 create mode 100644 word-images/_library/richer.png
 create mode 100644 word-images/_library/riches.png
 create mode 100644 word-images/_library/rid.png
 create mode 100644 word-images/_library/riddle.png
 create mode 100644 word-images/_library/ride.png
 create mode 100644 word-images/_library/rider.png
 create mode 100644 word-images/_library/ridge.png
 create mode 100644 word-images/_library/ridges.png
 create mode 100644 word-images/_library/riding.png
 create mode 100644 word-images/_library/rifle.png
 create mode 100644 word-images/_library/rig.png
 create mode 100644 word-images/_library/right.png
 create mode 100644 word-images/_library/rind.png
 create mode 100644 word-images/_library/ring.png
 create mode 100644 word-images/_library/rip it.png
 create mode 100644 word-images/_library/rip.png
 create mode 100644 word-images/_library/ripe.png
 create mode 100644 word-images/_library/ripping.png
 create mode 100644 word-images/_library/ripple.png
 create mode 100644 word-images/_library/rise.png
 create mode 100644 word-images/_library/river.png
 create mode 100644 word-images/_library/rivet.png
 create mode 100644 word-images/_library/roach.png
 create mode 100644 word-images/_library/roaches.png
 create mode 100644 word-images/_library/road.png
 create mode 100644 word-images/_library/roan.png
 create mode 100644 word-images/_library/roar.png
 create mode 100644 word-images/_library/rob.png
 create mode 100644 word-images/_library/robber.png
 create mode 100644 word-images/_library/robe.png
 create mode 100644 word-images/_library/robin.png
 create mode 100644 word-images/_library/robot.png
 create mode 100644 word-images/_library/rock.png
 create mode 100644 word-images/_library/rocker.png
 create mode 100644 word-images/_library/rocket.png
 create mode 100644 word-images/_library/rod.png
 create mode 100644 word-images/_library/roll.png
 create mode 100644 word-images/_library/rolo.png
 create mode 100644 word-images/_library/roo.png
 create mode 100644 word-images/_library/roof.png
 create mode 100644 word-images/_library/roofing.png
 create mode 100644 word-images/_library/rooster.png
 create mode 100644 word-images/_library/root.png
 create mode 100644 word-images/_library/rope.png
 create mode 100644 word-images/_library/rose.png
 create mode 100644 word-images/_library/rosy.png
 create mode 100644 word-images/_library/rot.png
 create mode 100644 word-images/_library/rotor.png
 create mode 100644 word-images/_library/rough.png
 create mode 100644 word-images/_library/rougher.png
 create mode 100644 word-images/_library/rove.png
 create mode 100644 word-images/_library/rover.png
 create mode 100644 word-images/_library/row.png
 create mode 100644 word-images/_library/royal.png
 create mode 100644 word-images/_library/rub.png
 create mode 100644 word-images/_library/rubber.png
 create mode 100644 word-images/_library/ruby.png
 create mode 100644 word-images/_library/rudder.png
 create mode 100644 word-images/_library/rude.png
 create mode 100644 word-images/_library/rug.png
 create mode 100644 word-images/_library/rule.png
 create mode 100644 word-images/_library/run.png
 create mode 100644 word-images/_library/rung.png
 create mode 100644 word-images/_library/running.png
 create mode 100644 word-images/_library/runny.png
 create mode 100644 word-images/_library/rush.png
 create mode 100644 word-images/_library/rut.png
 create mode 100644 word-images/_library/ruth.png
 create mode 100644 word-images/_library/rye.png
 create mode 100644 word-images/_library/s'more.png
 create mode 100644 word-images/_library/saber.png
=== Tue May 19 15:54:49 MDT 2026 === Pushing 400 files...
To github.com:beehivespeechtherapy/Speech-Therapy-Games.git
   9cb615a..79a8fe4  master -> master
=== Tue May 19 15:56:25 MDT 2026 === Batch 5 pushed (400 files).
=== Tue May 19 15:56:25 MDT 2026 === Batch 6: 828 PNGs left; staging up to 400...
[master 1e6736c] Add _library clipart (batch 6)
 400 files changed, 0 insertions(+), 0 deletions(-)
 create mode 100644 word-images/_library/sack.png
 create mode 100644 word-images/_library/sad.png
 create mode 100644 word-images/_library/sadder.png
 create mode 100644 word-images/_library/saddle.png
 create mode 100644 word-images/_library/safe.png
 create mode 100644 word-images/_library/safer.png
 create mode 100644 word-images/_library/safety.png
 create mode 100644 word-images/_library/sag.png
 create mode 100644 word-images/_library/sage.png
 create mode 100644 word-images/_library/saggy.png
 create mode 100644 word-images/_library/sail.png
 create mode 100644 word-images/_library/sailing.png
 create mode 100644 word-images/_library/salad.png
 create mode 100644 word-images/_library/salamander.png
 create mode 100644 word-images/_library/sale.png
 create mode 100644 word-images/_library/salt.png
 create mode 100644 word-images/_library/same.png
 create mode 100644 word-images/_library/sand.png
 create mode 100644 word-images/_library/sandal.png
 create mode 100644 word-images/_library/sandwich.png
 create mode 100644 word-images/_library/sane.png
 create mode 100644 word-images/_library/sang.png
 create mode 100644 word-images/_library/sank.png
 create mode 100644 word-images/_library/santa.png
 create mode 100644 word-images/_library/sap.png
 create mode 100644 word-images/_library/sash.png
 create mode 100644 word-images/_library/sassy.png
 create mode 100644 word-images/_library/sat.png
 create mode 100644 word-images/_library/satchel.png
 create mode 100644 word-images/_library/save.png
 create mode 100644 word-images/_library/saving.png
 create mode 100644 word-images/_library/savings.png
 create mode 100644 word-images/_library/saw.png
 create mode 100644 word-images/_library/saws.png
 create mode 100644 word-images/_library/say.png
 create mode 100644 word-images/_library/saying.png
 create mode 100644 word-images/_library/scab.png
 create mode 100644 word-images/_library/scale.png
 create mode 100644 word-images/_library/scam.png
 create mode 100644 word-images/_library/scan.png
 create mode 100644 word-images/_library/scar.png
 create mode 100644 word-images/_library/scare.png
 create mode 100644 word-images/_library/scarf.png
 create mode 100644 word-images/_library/scary.png
 create mode 100644 word-images/_library/school.png
 create mode 100644 word-images/_library/scoop.png
 create mode 100644 word-images/_library/scoot.png
 create mode 100644 word-images/_library/scooter.png
 create mode 100644 word-images/_library/score.png
 create mode 100644 word-images/_library/scratch.png
 create mode 100644 word-images/_library/scratching.png
 create mode 100644 word-images/_library/scream.png
 create mode 100644 word-images/_library/screw.png
 create mode 100644 word-images/_library/scrub.png
 create mode 100644 word-images/_library/sea.png
 create mode 100644 word-images/_library/seafood.png
 create mode 100644 word-images/_library/seagull.png
 create mode 100644 word-images/_library/seahorse.png
 create mode 100644 word-images/_library/seal.png
 create mode 100644 word-images/_library/seam.png
 create mode 100644 word-images/_library/sear.png
 create mode 100644 word-images/_library/seashell.png
 create mode 100644 word-images/_library/season.png
 create mode 100644 word-images/_library/seat.png
 create mode 100644 word-images/_library/seaweed.png
 create mode 100644 word-images/_library/see.png
 create mode 100644 word-images/_library/seed.png
 create mode 100644 word-images/_library/seek.png
 create mode 100644 word-images/_library/seep.png
 create mode 100644 word-images/_library/sees.png
 create mode 100644 word-images/_library/seethe.png
 create mode 100644 word-images/_library/seeyah.png
 create mode 100644 word-images/_library/seive.png
 create mode 100644 word-images/_library/sell.png
 create mode 100644 word-images/_library/serious.png
 create mode 100644 word-images/_library/serve.png
 create mode 100644 word-images/_library/seven.png
 create mode 100644 word-images/_library/sew.png
 create mode 100644 word-images/_library/sewing.png
 create mode 100644 word-images/_library/shack.png
 create mode 100644 word-images/_library/shade.png
 create mode 100644 word-images/_library/shading.png
 create mode 100644 word-images/_library/shadow.png
 create mode 100644 word-images/_library/shaggy.png
 create mode 100644 word-images/_library/shake.png
 create mode 100644 word-images/_library/shaky.png
 create mode 100644 word-images/_library/shale.png
 create mode 100644 word-images/_library/shame.png
 create mode 100644 word-images/_library/shape.png
 create mode 100644 word-images/_library/shapes.png
 create mode 100644 word-images/_library/share.png
 create mode 100644 word-images/_library/sharing.png
 create mode 100644 word-images/_library/shave.png
 create mode 100644 word-images/_library/shaving.png
 create mode 100644 word-images/_library/shawl.png
 create mode 100644 word-images/_library/she's.png
 create mode 100644 word-images/_library/she.png
 create mode 100644 word-images/_library/shear.png
 create mode 100644 word-images/_library/shearing.png
 create mode 100644 word-images/_library/sheath.png
 create mode 100644 word-images/_library/shed.png
 create mode 100644 word-images/_library/sheep.png
 create mode 100644 word-images/_library/sheet.png
 create mode 100644 word-images/_library/shelf.png
 create mode 100644 word-images/_library/shell.png
 create mode 100644 word-images/_library/sheriff.png
 create mode 100644 word-images/_library/shin.png
 create mode 100644 word-images/_library/shine.png
 create mode 100644 word-images/_library/shining.png
 create mode 100644 word-images/_library/shiny.png
 create mode 100644 word-images/_library/ship.png
 create mode 100644 word-images/_library/shirt.png
 create mode 100644 word-images/_library/shock.png
 create mode 100644 word-images/_library/shoe.png
 create mode 100644 word-images/_library/shoes.png
 create mode 100644 word-images/_library/shoot.png
 create mode 100644 word-images/_library/shop.png
 create mode 100644 word-images/_library/shore.png
 create mode 100644 word-images/_library/short.png
 create mode 100644 word-images/_library/shot.png
 create mode 100644 word-images/_library/should.png
 create mode 100644 word-images/_library/shove.png
 create mode 100644 word-images/_library/shovel.png
 create mode 100644 word-images/_library/show.png
 create mode 100644 word-images/_library/shower.png
 create mode 100644 word-images/_library/shuck.png
 create mode 100644 word-images/_library/shudder.png
 create mode 100644 word-images/_library/shut.png
 create mode 100644 word-images/_library/shy.png
 create mode 100644 word-images/_library/sick.png
 create mode 100644 word-images/_library/sickle.png
 create mode 100644 word-images/_library/side.png
 create mode 100644 word-images/_library/sidecar.png
 create mode 100644 word-images/_library/sift.png
 create mode 100644 word-images/_library/sigh.png
 create mode 100644 word-images/_library/sight.png
 create mode 100644 word-images/_library/sign.png
 create mode 100644 word-images/_library/sill.png
 create mode 100644 word-images/_library/silly.png
 create mode 100644 word-images/_library/silo.png
 create mode 100644 word-images/_library/silver.png
 create mode 100644 word-images/_library/sing.png
 create mode 100644 word-images/_library/sink.png
 create mode 100644 word-images/_library/sinking.png
 create mode 100644 word-images/_library/sip.png
 create mode 100644 word-images/_library/siphon.png
 create mode 100644 word-images/_library/sir.png
 create mode 100644 word-images/_library/sister.png
 create mode 100644 word-images/_library/sit.png
 create mode 100644 word-images/_library/sitting.png
 create mode 100644 word-images/_library/size.png
 create mode 100644 word-images/_library/skate.png
 create mode 100644 word-images/_library/ski.png
 create mode 100644 word-images/_library/skid.png
 create mode 100644 word-images/_library/skill.png
 create mode 100644 word-images/_library/skip.png
 create mode 100644 word-images/_library/sky.png
 create mode 100644 word-images/_library/slab.png
 create mode 100644 word-images/_library/slam.png
 create mode 100644 word-images/_library/slap.png
 create mode 100644 word-images/_library/slash.png
 create mode 100644 word-images/_library/slat.png
 create mode 100644 word-images/_library/slaw.png
 create mode 100644 word-images/_library/sled.png
 create mode 100644 word-images/_library/sledge.png
 create mode 100644 word-images/_library/sleep.png
 create mode 100644 word-images/_library/sleet.png
 create mode 100644 word-images/_library/sleeve.png
 create mode 100644 word-images/_library/slice.png
 create mode 100644 word-images/_library/slick.png
 create mode 100644 word-images/_library/slide.png
 create mode 100644 word-images/_library/slime.png
 create mode 100644 word-images/_library/sling.png
 create mode 100644 word-images/_library/slinky.png
 create mode 100644 word-images/_library/slip.png
 create mode 100644 word-images/_library/slither.png
 create mode 100644 word-images/_library/slob.png
 create mode 100644 word-images/_library/slope.png
 create mode 100644 word-images/_library/sloth.png
 create mode 100644 word-images/_library/slow.png
 create mode 100644 word-images/_library/smack.png
 create mode 100644 word-images/_library/small.png
 create mode 100644 word-images/_library/smaller.png
 create mode 100644 word-images/_library/smarty.png
 create mode 100644 word-images/_library/smash.png
 create mode 100644 word-images/_library/smear.png
 create mode 100644 word-images/_library/smell.png
 create mode 100644 word-images/_library/smile.png
 create mode 100644 word-images/_library/smock.png
 create mode 100644 word-images/_library/smoggy.png
 create mode 100644 word-images/_library/smoke.png
 create mode 100644 word-images/_library/smolder.png
 create mode 100644 word-images/_library/smooth.png
 create mode 100644 word-images/_library/smoothie.png
 create mode 100644 word-images/_library/smother.png
 create mode 100644 word-images/_library/smug.png
 create mode 100644 word-images/_library/smush.png
 create mode 100644 word-images/_library/snack.png
 create mode 100644 word-images/_library/snag.png
 create mode 100644 word-images/_library/snail.png
 create mode 100644 word-images/_library/snap.png
 create mode 100644 word-images/_library/snapping.png
 create mode 100644 word-images/_library/snatch.png
 create mode 100644 word-images/_library/sneak.png
 create mode 100644 word-images/_library/sneaking.png
 create mode 100644 word-images/_library/sneaky.png
 create mode 100644 word-images/_library/sneer.png
 create mode 100644 word-images/_library/sneeze.png
 create mode 100644 word-images/_library/snicker.png
 create mode 100644 word-images/_library/snip.png
 create mode 100644 word-images/_library/snob.png
 create mode 100644 word-images/_library/snoop.png
 create mode 100644 word-images/_library/snooze.png
 create mode 100644 word-images/_library/snore.png
 create mode 100644 word-images/_library/snoring.png
 create mode 100644 word-images/_library/snort.png
 create mode 100644 word-images/_library/snout.png
 create mode 100644 word-images/_library/snow.png
 create mode 100644 word-images/_library/snowman.png
 create mode 100644 word-images/_library/snowy.png
 create mode 100644 word-images/_library/soak.png
 create mode 100644 word-images/_library/soap.png
 create mode 100644 word-images/_library/soapy.png
 create mode 100644 word-images/_library/soar.png
 create mode 100644 word-images/_library/soaring.png
 create mode 100644 word-images/_library/sob.png
 create mode 100644 word-images/_library/soba.png
 create mode 100644 word-images/_library/soccer.png
 create mode 100644 word-images/_library/sock.png
 create mode 100644 word-images/_library/socks.png
 create mode 100644 word-images/_library/sod.png
 create mode 100644 word-images/_library/soda.png
 create mode 100644 word-images/_library/sofa.png
 create mode 100644 word-images/_library/soggy.png
 create mode 100644 word-images/_library/soil.png
 create mode 100644 word-images/_library/solder.png
 create mode 100644 word-images/_library/soldier.png
 create mode 100644 word-images/_library/sole.png
 create mode 100644 word-images/_library/some tar.png
 create mode 100644 word-images/_library/some.png
 create mode 100644 word-images/_library/somehow.png
 create mode 100644 word-images/_library/something.png
 create mode 100644 word-images/_library/son.png
 create mode 100644 word-images/_library/sonar.png
 create mode 100644 word-images/_library/song.png
 create mode 100644 word-images/_library/soon.png
 create mode 100644 word-images/_library/soot.png
 create mode 100644 word-images/_library/soothe.png
 create mode 100644 word-images/_library/sore.png
 create mode 100644 word-images/_library/sorry.png
 create mode 100644 word-images/_library/sort.png
 create mode 100644 word-images/_library/soup.png
 create mode 100644 word-images/_library/sour.png
 create mode 100644 word-images/_library/soy.png
 create mode 100644 word-images/_library/spaghetti.png
 create mode 100644 word-images/_library/spar.png
 create mode 100644 word-images/_library/spark.png
 create mode 100644 word-images/_library/sparkle.png
 create mode 100644 word-images/_library/speak.png
 create mode 100644 word-images/_library/speed.png
 create mode 100644 word-images/_library/spell.png
 create mode 100644 word-images/_library/spider.png
 create mode 100644 word-images/_library/spike.png
 create mode 100644 word-images/_library/spill.png
 create mode 100644 word-images/_library/spin.png
 create mode 100644 word-images/_library/spine.png
 create mode 100644 word-images/_library/spit.png
 create mode 100644 word-images/_library/splash.png
 create mode 100644 word-images/_library/splat.png
 create mode 100644 word-images/_library/spoil.png
 create mode 100644 word-images/_library/spoke.png
 create mode 100644 word-images/_library/sponge.png
 create mode 100644 word-images/_library/spongy.png
 create mode 100644 word-images/_library/spool.png
 create mode 100644 word-images/_library/spoon.png
 create mode 100644 word-images/_library/sport.png
 create mode 100644 word-images/_library/spot.png
 create mode 100644 word-images/_library/spunk.png
 create mode 100644 word-images/_library/spunky.png
 create mode 100644 word-images/_library/spy.png
 create mode 100644 word-images/_library/square.png
 create mode 100644 word-images/_library/squish.png
 create mode 100644 word-images/_library/stable.png
 create mode 100644 word-images/_library/stack.png
 create mode 100644 word-images/_library/stadium.png
 create mode 100644 word-images/_library/stag.png
 create mode 100644 word-images/_library/stage.png
 create mode 100644 word-images/_library/stale.png
 create mode 100644 word-images/_library/stall.png
 create mode 100644 word-images/_library/stallion.png
 create mode 100644 word-images/_library/star.png
 create mode 100644 word-images/_library/stare.png
 create mode 100644 word-images/_library/starfish.png
 create mode 100644 word-images/_library/staring.png
 create mode 100644 word-images/_library/state.png
 create mode 100644 word-images/_library/statue.png
 create mode 100644 word-images/_library/statues.png
 create mode 100644 word-images/_library/stay.png
 create mode 100644 word-images/_library/stays.png
 create mode 100644 word-images/_library/steak.png
 create mode 100644 word-images/_library/steal.png
 create mode 100644 word-images/_library/steep.png
 create mode 100644 word-images/_library/steeple.png
 create mode 100644 word-images/_library/steer.png
 create mode 100644 word-images/_library/steering.png
 create mode 100644 word-images/_library/stern.png
 create mode 100644 word-images/_library/stew.png
 create mode 100644 word-images/_library/stick.png
 create mode 100644 word-images/_library/sticking.png
 create mode 100644 word-images/_library/sticky.png
 create mode 100644 word-images/_library/sting.png
 create mode 100644 word-images/_library/stir.png
 create mode 100644 word-images/_library/stop.png
 create mode 100644 word-images/_library/stopping.png
 create mode 100644 word-images/_library/store.png
 create mode 100644 word-images/_library/story.png
 create mode 100644 word-images/_library/stove.png
 create mode 100644 word-images/_library/stow.png
 create mode 100644 word-images/_library/string.png
 create mode 100644 word-images/_library/stub.png
 create mode 100644 word-images/_library/stubborn.png
 create mode 100644 word-images/_library/stuck.png
 create mode 100644 word-images/_library/study.png
 create mode 100644 word-images/_library/stuff.png
 create mode 100644 word-images/_library/stuffing.png
 create mode 100644 word-images/_library/stun.png
 create mode 100644 word-images/_library/sty.png
 create mode 100644 word-images/_library/style.png
 create mode 100644 word-images/_library/sub.png
 create mode 100644 word-images/_library/subway.png
 create mode 100644 word-images/_library/such.png
 create mode 100644 word-images/_library/sucker.png
 create mode 100644 word-images/_library/sud.png
 create mode 100644 word-images/_library/sugar.png
 create mode 100644 word-images/_library/suit.png
 create mode 100644 word-images/_library/suitcase.png
 create mode 100644 word-images/_library/suitor.png
 create mode 100644 word-images/_library/summer.png
 create mode 100644 word-images/_library/sun.png
 create mode 100644 word-images/_library/sunbathe.png
 create mode 100644 word-images/_library/sundress.png
 create mode 100644 word-images/_library/sunk.png
 create mode 100644 word-images/_library/sunken.png
 create mode 100644 word-images/_library/sunny.png
 create mode 100644 word-images/_library/sunshine.png
 create mode 100644 word-images/_library/super.png
 create mode 100644 word-images/_library/supper.png
 create mode 100644 word-images/_library/sure.png
 create mode 100644 word-images/_library/surf.png
 create mode 100644 word-images/_library/surfer.png
 create mode 100644 word-images/_library/surfing.png
 create mode 100644 word-images/_library/surgeon.png
 create mode 100644 word-images/_library/swab.png
 create mode 100644 word-images/_library/swag.png
 create mode 100644 word-images/_library/swallow.png
 create mode 100644 word-images/_library/swam.png
 create mode 100644 word-images/_library/swan.png
 create mode 100644 word-images/_library/swarm.png
 create mode 100644 word-images/_library/swat.png
 create mode 100644 word-images/_library/sway.png
 create mode 100644 word-images/_library/sweat.png
 create mode 100644 word-images/_library/sweater.png
 create mode 100644 word-images/_library/sweep.png
 create mode 100644 word-images/_library/sweet.png
 create mode 100644 word-images/_library/swell.png
 create mode 100644 word-images/_library/swift.png
 create mode 100644 word-images/_library/swim.png
 create mode 100644 word-images/_library/swing.png
 create mode 100644 word-images/_library/swipe.png
 create mode 100644 word-images/_library/swish.png
 create mode 100644 word-images/_library/switch.png
 create mode 100644 word-images/_library/swoon.png
 create mode 100644 word-images/_library/swoop.png
 create mode 100644 word-images/_library/tab.png
 create mode 100644 word-images/_library/tabby.png
 create mode 100644 word-images/_library/table.png
 create mode 100644 word-images/_library/tack.png
 create mode 100644 word-images/_library/tackle.png
 create mode 100644 word-images/_library/taco.png
 create mode 100644 word-images/_library/tad.png
 create mode 100644 word-images/_library/tadpole.png
 create mode 100644 word-images/_library/taffy.png
 create mode 100644 word-images/_library/tag.png
 create mode 100644 word-images/_library/tagging.png
 create mode 100644 word-images/_library/taiga.png
 create mode 100644 word-images/_library/tail.png
 create mode 100644 word-images/_library/take.png
 create mode 100644 word-images/_library/taker.png
 create mode 100644 word-images/_library/talk.png
 create mode 100644 word-images/_library/talking.png
 create mode 100644 word-images/_library/tall.png
 create mode 100644 word-images/_library/tally.png
 create mode 100644 word-images/_library/tan.png
 create mode 100644 word-images/_library/tank.png
 create mode 100644 word-images/_library/tap.png
 create mode 100644 word-images/_library/tape.png
 create mode 100644 word-images/_library/tapping.png
 create mode 100644 word-images/_library/tar.png
 create mode 100644 word-images/_library/target.png
 create mode 100644 word-images/_library/taro.png
=== Tue May 19 15:56:36 MDT 2026 === Pushing 400 files...
To github.com:beehivespeechtherapy/Speech-Therapy-Games.git
   79a8fe4..1e6736c  master -> master
=== Tue May 19 15:58:25 MDT 2026 === Batch 6 pushed (400 files).
=== Tue May 19 15:58:25 MDT 2026 === Batch 7: 428 PNGs left; staging up to 400...
[master 3018758] Add _library clipart (batch 7)
 400 files changed, 0 insertions(+), 0 deletions(-)
 create mode 100644 word-images/_library/tarp.png
 create mode 100644 word-images/_library/tart.png
 create mode 100644 word-images/_library/tassel.png
 create mode 100644 word-images/_library/tassle.png
 create mode 100644 word-images/_library/tater.png
 create mode 100644 word-images/_library/tattle.png
 create mode 100644 word-images/_library/taught.png
 create mode 100644 word-images/_library/tea.png
 create mode 100644 word-images/_library/teach.png
 create mode 100644 word-images/_library/teacher.png
 create mode 100644 word-images/_library/teal.png
 create mode 100644 word-images/_library/team.png
 create mode 100644 word-images/_library/teapot.png
 create mode 100644 word-images/_library/tear..png
 create mode 100644 word-images/_library/tear.png
 create mode 100644 word-images/_library/tearing.png
 create mode 100644 word-images/_library/teary.png
 create mode 100644 word-images/_library/tease.png
 create mode 100644 word-images/_library/teasing.png
 create mode 100644 word-images/_library/teddy.png
 create mode 100644 word-images/_library/teens.png
 create mode 100644 word-images/_library/teepee.png
 create mode 100644 word-images/_library/teeter.png
 create mode 100644 word-images/_library/teeth.png
 create mode 100644 word-images/_library/teethe.png
 create mode 100644 word-images/_library/tell.png
 create mode 100644 word-images/_library/ten.png
 create mode 100644 word-images/_library/tennis.png
 create mode 100644 word-images/_library/tent.png
 create mode 100644 word-images/_library/test.png
 create mode 100644 word-images/_library/tether.png
 create mode 100644 word-images/_library/than.png
 create mode 100644 word-images/_library/thank.png
 create mode 100644 word-images/_library/that.png
 create mode 100644 word-images/_library/thaw.png
 create mode 100644 word-images/_library/the.png
 create mode 100644 word-images/_library/theater.png
 create mode 100644 word-images/_library/thee.png
 create mode 100644 word-images/_library/their's.png
 create mode 100644 word-images/_library/their.png
 create mode 100644 word-images/_library/theirs.png
 create mode 100644 word-images/_library/them.png
 create mode 100644 word-images/_library/theme.png
 create mode 100644 word-images/_library/then.png
 create mode 100644 word-images/_library/there.png
 create mode 100644 word-images/_library/these.png
 create mode 100644 word-images/_library/they'll.png
 create mode 100644 word-images/_library/they.png
 create mode 100644 word-images/_library/thick.png
 create mode 100644 word-images/_library/thicker.png
 create mode 100644 word-images/_library/thigh.png
 create mode 100644 word-images/_library/thin.png
 create mode 100644 word-images/_library/thing.png
 create mode 100644 word-images/_library/think.png
 create mode 100644 word-images/_library/thirst.png
 create mode 100644 word-images/_library/thirty.png
 create mode 100644 word-images/_library/this.png
 create mode 100644 word-images/_library/thistle.png
 create mode 100644 word-images/_library/thor.png
 create mode 100644 word-images/_library/thorn.png
 create mode 100644 word-images/_library/thorny.png
 create mode 100644 word-images/_library/those.png
 create mode 100644 word-images/_library/though.png
 create mode 100644 word-images/_library/thought.png
 create mode 100644 word-images/_library/thousand.png
 create mode 100644 word-images/_library/thrash.png
 create mode 100644 word-images/_library/thread.png
 create mode 100644 word-images/_library/three.png
 create mode 100644 word-images/_library/thresh.png
 create mode 100644 word-images/_library/threw.png
 create mode 100644 word-images/_library/thrill.png
 create mode 100644 word-images/_library/throat.png
 create mode 100644 word-images/_library/throne.png
 create mode 100644 word-images/_library/throw.png
 create mode 100644 word-images/_library/thud.png
 create mode 100644 word-images/_library/thug.png
 create mode 100644 word-images/_library/thumb.png
 create mode 100644 word-images/_library/thunder.png
 create mode 100644 word-images/_library/tick.png
 create mode 100644 word-images/_library/ticket.png
 create mode 100644 word-images/_library/tickle.png
 create mode 100644 word-images/_library/tidy.png
 create mode 100644 word-images/_library/tie.png
 create mode 100644 word-images/_library/tied.png
 create mode 100644 word-images/_library/tiger.png
 create mode 100644 word-images/_library/tight.png
 create mode 100644 word-images/_library/tile.png
 create mode 100644 word-images/_library/till.png
 create mode 100644 word-images/_library/tiller.png
 create mode 100644 word-images/_library/time.png
 create mode 100644 word-images/_library/tin.png
 create mode 100644 word-images/_library/tine.png
 create mode 100644 word-images/_library/tins.png
 create mode 100644 word-images/_library/tinsel.png
 create mode 100644 word-images/_library/tiny.png
 create mode 100644 word-images/_library/tip.png
 create mode 100644 word-images/_library/tiptoe.png
 create mode 100644 word-images/_library/tire.png
 create mode 100644 word-images/_library/tissue.png
 create mode 100644 word-images/_library/toad.png
 create mode 100644 word-images/_library/toast.png
 create mode 100644 word-images/_library/today.png
 create mode 100644 word-images/_library/todd.png
 create mode 100644 word-images/_library/toe.png
 create mode 100644 word-images/_library/toes.png
 create mode 100644 word-images/_library/toffee.png
 create mode 100644 word-images/_library/tofu.png
 create mode 100644 word-images/_library/token.png
 create mode 100644 word-images/_library/toll.png
 create mode 100644 word-images/_library/tomato.png
 create mode 100644 word-images/_library/tomb.png
 create mode 100644 word-images/_library/tome.png
 create mode 100644 word-images/_library/ton.png
 create mode 100644 word-images/_library/tone.png
 create mode 100644 word-images/_library/tongue.png
 create mode 100644 word-images/_library/tool.png
 create mode 100644 word-images/_library/tooth.png
 create mode 100644 word-images/_library/toothbrush.png
 create mode 100644 word-images/_library/toothpaste.png
 create mode 100644 word-images/_library/top.png
 create mode 100644 word-images/_library/topping.png
 create mode 100644 word-images/_library/torch.png
 create mode 100644 word-images/_library/torches.png
 create mode 100644 word-images/_library/tore.png
 create mode 100644 word-images/_library/torn.png
 create mode 100644 word-images/_library/toss.png
 create mode 100644 word-images/_library/tossing.png
 create mode 100644 word-images/_library/tote.png
 create mode 100644 word-images/_library/toucan.png
 create mode 100644 word-images/_library/touch.png
 create mode 100644 word-images/_library/tough.png
 create mode 100644 word-images/_library/tow.png
 create mode 100644 word-images/_library/towel.png
 create mode 100644 word-images/_library/tower.png
 create mode 100644 word-images/_library/towing.png
 create mode 100644 word-images/_library/town.png
 create mode 100644 word-images/_library/toy.png
 create mode 100644 word-images/_library/track.png
 create mode 100644 word-images/_library/traffic.png
 create mode 100644 word-images/_library/trapping.png
 create mode 100644 word-images/_library/trash can.png
 create mode 100644 word-images/_library/trash.png
 create mode 100644 word-images/_library/travel.png
 create mode 100644 word-images/_library/treat.png
 create mode 100644 word-images/_library/treehouse.png
 create mode 100644 word-images/_library/trophy.png
 create mode 100644 word-images/_library/troupe.png
 create mode 100644 word-images/_library/truck.png
 create mode 100644 word-images/_library/truth.png
 create mode 100644 word-images/_library/tub.png
 create mode 100644 word-images/_library/tuba.png
 create mode 100644 word-images/_library/tube.png
 create mode 100644 word-images/_library/tuck.png
 create mode 100644 word-images/_library/tug.png
 create mode 100644 word-images/_library/tugging.png
 create mode 100644 word-images/_library/tulip.png
 create mode 100644 word-images/_library/tummy.png
 create mode 100644 word-images/_library/tuna.png
 create mode 100644 word-images/_library/tundra.png
 create mode 100644 word-images/_library/tune.png
 create mode 100644 word-images/_library/tuner.png
 create mode 100644 word-images/_library/tunnel.png
 create mode 100644 word-images/_library/turkey.png
 create mode 100644 word-images/_library/turn.png
 create mode 100644 word-images/_library/turtle.png
 create mode 100644 word-images/_library/tv.png
 create mode 100644 word-images/_library/twelve.png
 create mode 100644 word-images/_library/twig.png
 create mode 100644 word-images/_library/two.png
 create mode 100644 word-images/_library/twos.png
 create mode 100644 word-images/_library/tying.png
 create mode 100644 word-images/_library/type.png
 create mode 100644 word-images/_library/typer.png
 create mode 100644 word-images/_library/typing.png
 create mode 100644 word-images/_library/udder.png
 create mode 100644 word-images/_library/ugh.png
 create mode 100644 word-images/_library/um.png
 create mode 100644 word-images/_library/unclothe.png
 create mode 100644 word-images/_library/under.png
 create mode 100644 word-images/_library/unhappy.png
 create mode 100644 word-images/_library/unwound.png
 create mode 100644 word-images/_library/up.png
 create mode 100644 word-images/_library/uphill.png
 create mode 100644 word-images/_library/upper.png
 create mode 100644 word-images/_library/urr.png
 create mode 100644 word-images/_library/us.png
 create mode 100644 word-images/_library/use.png
 create mode 100644 word-images/_library/v.png
 create mode 100644 word-images/_library/vacation.png
 create mode 100644 word-images/_library/vacuum.png
 create mode 100644 word-images/_library/valley.png
 create mode 100644 word-images/_library/vampire.png
 create mode 100644 word-images/_library/van.png
 create mode 100644 word-images/_library/vanilla.png
 create mode 100644 word-images/_library/vase.png
 create mode 100644 word-images/_library/vast.png
 create mode 100644 word-images/_library/vat.png
 create mode 100644 word-images/_library/veer.png
 create mode 100644 word-images/_library/veggie.png
 create mode 100644 word-images/_library/veggies.png
 create mode 100644 word-images/_library/veil.png
 create mode 100644 word-images/_library/vein.png
 create mode 100644 word-images/_library/vent.png
 create mode 100644 word-images/_library/very.png
 create mode 100644 word-images/_library/vest.png
 create mode 100644 word-images/_library/vet.png
 create mode 100644 word-images/_library/vial.png
 create mode 100644 word-images/_library/vice.png
 create mode 100644 word-images/_library/video.png
 create mode 100644 word-images/_library/view.png
 create mode 100644 word-images/_library/village.png
 create mode 100644 word-images/_library/vine.png
 create mode 100644 word-images/_library/viny.png
 create mode 100644 word-images/_library/violin.png
 create mode 100644 word-images/_library/viper.png
 create mode 100644 word-images/_library/visit.png
 create mode 100644 word-images/_library/visor.png
 create mode 100644 word-images/_library/voice.png
 create mode 100644 word-images/_library/volcano.png
 create mode 100644 word-images/_library/vole.png
 create mode 100644 word-images/_library/volley.png
 create mode 100644 word-images/_library/volleyball.png
 create mode 100644 word-images/_library/volunteer.png
 create mode 100644 word-images/_library/vote.png
 create mode 100644 word-images/_library/voting.png
 create mode 100644 word-images/_library/vow.png
 create mode 100644 word-images/_library/vowel.png
 create mode 100644 word-images/_library/vroom.png
 create mode 100644 word-images/_library/vulture.png
 create mode 100644 word-images/_library/wacking.png
 create mode 100644 word-images/_library/wacky.png
 create mode 100644 word-images/_library/wad.png
 create mode 100644 word-images/_library/waddle.png
 create mode 100644 word-images/_library/wade.png
 create mode 100644 word-images/_library/wader.png
 create mode 100644 word-images/_library/wading.png
 create mode 100644 word-images/_library/wafer.png
 create mode 100644 word-images/_library/waffle.png
 create mode 100644 word-images/_library/wag.png
 create mode 100644 word-images/_library/wage.png
 create mode 100644 word-images/_library/wagging.png
 create mode 100644 word-images/_library/wagon.png
 create mode 100644 word-images/_library/wah.png
 create mode 100644 word-images/_library/waist.png
 create mode 100644 word-images/_library/waiter.png
 create mode 100644 word-images/_library/waiting.png
 create mode 100644 word-images/_library/wake.png
 create mode 100644 word-images/_library/walk.png
 create mode 100644 word-images/_library/walker.png
 create mode 100644 word-images/_library/walking.png
 create mode 100644 word-images/_library/wall.png
 create mode 100644 word-images/_library/wallet.png
 create mode 100644 word-images/_library/wallow.png
 create mode 100644 word-images/_library/wand.png
 create mode 100644 word-images/_library/wane.png
 create mode 100644 word-images/_library/war.png
 create mode 100644 word-images/_library/wardrobe.png
 create mode 100644 word-images/_library/warm.png
 create mode 100644 word-images/_library/wash.png
 create mode 100644 word-images/_library/washer.png
 create mode 100644 word-images/_library/washing.png
 create mode 100644 word-images/_library/wassail.png
 create mode 100644 word-images/_library/watch.png
 create mode 100644 word-images/_library/watcher.png
 create mode 100644 word-images/_library/watching.png
 create mode 100644 word-images/_library/water.png
 create mode 100644 word-images/_library/wave.png
 create mode 100644 word-images/_library/waving.png
 create mode 100644 word-images/_library/wavy.png
 create mode 100644 word-images/_library/way.png
 create mode 100644 word-images/_library/ways.png
 create mode 100644 word-images/_library/wealth.png
 create mode 100644 word-images/_library/wealthy.png
 create mode 100644 word-images/_library/weapon.png
 create mode 100644 word-images/_library/wear.png
 create mode 100644 word-images/_library/weather.png
 create mode 100644 word-images/_library/weave.png
 create mode 100644 word-images/_library/weaving.png
 create mode 100644 word-images/_library/web.png
 create mode 100644 word-images/_library/webbing.png
 create mode 100644 word-images/_library/wed.png
 create mode 100644 word-images/_library/wedding.png
 create mode 100644 word-images/_library/wedge.png
 create mode 100644 word-images/_library/weed.png
 create mode 100644 word-images/_library/week.png
 create mode 100644 word-images/_library/weep.png
 create mode 100644 word-images/_library/weight.png
 create mode 100644 word-images/_library/weirdo.png
 create mode 100644 word-images/_library/well.png
 create mode 100644 word-images/_library/wet.png
 create mode 100644 word-images/_library/wetter.png
 create mode 100644 word-images/_library/whack.png
 create mode 100644 word-images/_library/whacking.png
 create mode 100644 word-images/_library/whale.png
 create mode 100644 word-images/_library/wham.png
 create mode 100644 word-images/_library/what.png
 create mode 100644 word-images/_library/wheat.png
 create mode 100644 word-images/_library/whee.png
 create mode 100644 word-images/_library/wheel.png
 create mode 100644 word-images/_library/wheelchair.png
 create mode 100644 word-images/_library/wheelie.png
 create mode 100644 word-images/_library/where.png
 create mode 100644 word-images/_library/whiff.png
 create mode 100644 word-images/_library/whine.png
 create mode 100644 word-images/_library/whip.png
 create mode 100644 word-images/_library/whirlpool.png
 create mode 100644 word-images/_library/whisper.png
 create mode 100644 word-images/_library/whistle.png
 create mode 100644 word-images/_library/white.png
 create mode 100644 word-images/_library/whittle.png
 create mode 100644 word-images/_library/why.png
 create mode 100644 word-images/_library/wick.png
 create mode 100644 word-images/_library/wicked.png
 create mode 100644 word-images/_library/wicker.png
 create mode 100644 word-images/_library/wide.png
 create mode 100644 word-images/_library/wider.png
 create mode 100644 word-images/_library/widow.png
 create mode 100644 word-images/_library/wife.png
 create mode 100644 word-images/_library/wig.png
 create mode 100644 word-images/_library/wiggle.png
 create mode 100644 word-images/_library/win.png
 create mode 100644 word-images/_library/wind.png
 create mode 100644 word-images/_library/window.png
 create mode 100644 word-images/_library/wing.png
 create mode 100644 word-images/_library/winner.png
 create mode 100644 word-images/_library/wipe.png
 create mode 100644 word-images/_library/wiping.png
 create mode 100644 word-images/_library/wire.png
 create mode 100644 word-images/_library/wise.png
 create mode 100644 word-images/_library/wish.png
 create mode 100644 word-images/_library/wishes.png
 create mode 100644 word-images/_library/wishing.png
 create mode 100644 word-images/_library/witch hat.png
 create mode 100644 word-images/_library/witch.png
 create mode 100644 word-images/_library/witches.png
 create mode 100644 word-images/_library/witchy.png
 create mode 100644 word-images/_library/with.png
 create mode 100644 word-images/_library/wither.png
 create mode 100644 word-images/_library/wizard.png
 create mode 100644 word-images/_library/woah.png
 create mode 100644 word-images/_library/wobble.png
 create mode 100644 word-images/_library/woke.png
 create mode 100644 word-images/_library/woman.png
 create mode 100644 word-images/_library/women.png
 create mode 100644 word-images/_library/wood.png
 create mode 100644 word-images/_library/wooden.png
 create mode 100644 word-images/_library/woof.png
 create mode 100644 word-images/_library/worm.png
 create mode 100644 word-images/_library/worry.png
 create mode 100644 word-images/_library/woven.png
 create mode 100644 word-images/_library/wow.png
 create mode 100644 word-images/_library/wrap it.png
 create mode 100644 word-images/_library/wrap.png
 create mode 100644 word-images/_library/wrapper.png
 create mode 100644 word-images/_library/wrath.png
 create mode 100644 word-images/_library/wreath.png
 create mode 100644 word-images/_library/wreathe.png
 create mode 100644 word-images/_library/wrecking.png
 create mode 100644 word-images/_library/wren.png
 create mode 100644 word-images/_library/wrench.png
 create mode 100644 word-images/_library/wrestle.png
 create mode 100644 word-images/_library/wriggle.png
 create mode 100644 word-images/_library/write.png
 create mode 100644 word-images/_library/writer.png
 create mode 100644 word-images/_library/writhe.png
 create mode 100644 word-images/_library/writing.png
 create mode 100644 word-images/_library/wrong.png
 create mode 100644 word-images/_library/wrote.png
 create mode 100644 word-images/_library/xylophone.png
 create mode 100644 word-images/_library/yacht.png
 create mode 100644 word-images/_library/yack.png
 create mode 100644 word-images/_library/yak.png
 create mode 100644 word-images/_library/yam.png
 create mode 100644 word-images/_library/yap.png
 create mode 100644 word-images/_library/yard.png
 create mode 100644 word-images/_library/yarn.png
 create mode 100644 word-images/_library/yawn.png
 create mode 100644 word-images/_library/yay.png
 create mode 100644 word-images/_library/year.png
 create mode 100644 word-images/_library/yeast.png
 create mode 100644 word-images/_library/yell.png
 create mode 100644 word-images/_library/yellow.png
 create mode 100644 word-images/_library/yes.png
 create mode 100644 word-images/_library/yeti.png
 create mode 100644 word-images/_library/yikes.png
 create mode 100644 word-images/_library/yo-yo.png
 create mode 100644 word-images/_library/yo.png
 create mode 100644 word-images/_library/yodel.png
 create mode 100644 word-images/_library/yogurt.png
 create mode 100644 word-images/_library/yolk.png
 create mode 100644 word-images/_library/you.png
 create mode 100644 word-images/_library/young.png
 create mode 100644 word-images/_library/your.png
 create mode 100644 word-images/_library/yucca.png
 create mode 100644 word-images/_library/yuck.png
 create mode 100644 word-images/_library/yucky.png
 create mode 100644 word-images/_library/yule.png
 create mode 100644 word-images/_library/yum.png
 create mode 100644 word-images/_library/yummy.png
 create mode 100644 word-images/_library/z.png
=== Tue May 19 15:58:37 MDT 2026 === Pushing 400 files...
To github.com:beehivespeechtherapy/Speech-Therapy-Games.git
   1e6736c..3018758  master -> master
=== Tue May 19 16:00:41 MDT 2026 === Batch 7 pushed (400 files).
=== Tue May 19 16:00:41 MDT 2026 === Batch 8: 28 PNGs left; staging up to 400...
[master 94a6328] Add _library clipart (batch 8)
 28 files changed, 0 insertions(+), 0 deletions(-)
 create mode 100644 word-images/_library/zag.png
 create mode 100644 word-images/_library/zany.png
 create mode 100644 word-images/_library/zap.png
 create mode 100644 word-images/_library/zeal.png
 create mode 100644 word-images/_library/zebra.png
 create mode 100644 word-images/_library/zebu.png
 create mode 100644 word-images/_library/zen.png
 create mode 100644 word-images/_library/zeppelin.png
 create mode 100644 word-images/_library/zero.png
 create mode 100644 word-images/_library/zest.png
 create mode 100644 word-images/_library/zig.png
 create mode 100644 word-images/_library/zilla.png
 create mode 100644 word-images/_library/zillion.png
 create mode 100644 word-images/_library/zinc.png
 create mode 100644 word-images/_library/zing.png
 create mode 100644 word-images/_library/zinnia.png
 create mode 100644 word-images/_library/zip.png
 create mode 100644 word-images/_library/zipper.png
 create mode 100644 word-images/_library/zipping.png
 create mode 100644 word-images/_library/zippy.png
 create mode 100644 word-images/_library/zit.png
 create mode 100644 word-images/_library/ziti.png
 create mode 100644 word-images/_library/zodiac.png
 create mode 100644 word-images/_library/zombie.png
 create mode 100644 word-images/_library/zone.png
 create mode 100644 word-images/_library/zoo.png
 create mode 100644 word-images/_library/zoom.png
 create mode 100644 word-images/_library/zucchini.png
=== Tue May 19 16:00:42 MDT 2026 === Pushing 28 files...
To github.com:beehivespeechtherapy/Speech-Therapy-Games.git
   3018758..94a6328  master -> master
=== Tue May 19 16:00:52 MDT 2026 === Batch 8 pushed (28 files).
=== Tue May 19 16:00:52 MDT 2026 === All _library PNGs are in git.
=== Tue May 19 16:00:52 MDT 2026 === Finished. Tracked: 2928 PNGs
